title,company,location,salary,description,url,date_posted,job_id
Data Analyst,St.Hua Private School,Singapore 600131,N/A,Familiarity with Power BI and/or Tableau fordatavisualization purposes.Develop informativedatavisualizations and interactive dashboards for effective…,https://sg.indeed.com/rc/clk?jk=929e82fb3ce34a3a&bb=ElwOxAB0sjD_ForjS9x358JfhbNpG4tWazR3GCwgS6rFj35-SlVSfM7wySKcS_9GNs7JObyWw0Y7P40VFUkg-X9v52zVXp5owR5XiNos6FnozAUoou2qoNTjH5shh7OT&xkcb=SoDB67M31973aGTHYR0LbzkdCdPP&fccid=258edb988c3c3980&vjs=3,Not specified,929e82fb3ce34a3a
Data Analyst (Marketing Analytics),NTUC Fairprice Co-operative Ltd,Singapore,N/A,Drive transformational change within the organisation towards customer-centricity anddatadriven decision making.,https://sg.indeed.com/rc/clk?jk=c6e75cad37d566da&bb=ElwOxAB0sjD_ForjS9x352BqlD-7-XWLgDoQ0i2PItplg2jUWu_8EcjkbOwtDZ-7isBoDf4cVXvXjS8LTHcn4MgEwslelqcUWysPH5N27WhMrHsbd5rDWhIS70gwDY8P&xkcb=SoB167M31973aGTHYR0KbzkdCdPP&fccid=bdf40e86ee1c8621&vjs=3,Not specified,c6e75cad37d566da
Business & Data Analyst,SWAT Mobility Pte. Ltd.,Singapore,N/A,Create & maintaindataprocessing pipelines to facilitate business intelligence tasks such as dashboard design and implementation.,https://sg.indeed.com/rc/clk?jk=b60a78cb0b4b7b57&bb=ElwOxAB0sjD_ForjS9x352zI63YHL0R67LJ1yZPG1WNsMrBFUaeCa_ZZVfgrdq851Phjk_A6AovUxcQX6HwA7v8HUDZXDYOBf9tkNxNY2IHFuAYMpx0kae-VjeXmWb72&xkcb=SoDo67M31973aGTHYR0JbzkdCdPP&fccid=81d0cdcd2f844676&vjs=3,Not specified,b60a78cb0b4b7b57
Data Analyst,Crown DIgital,Singapore,N/A,Excellent knowledge ofdataanalysis techniques.Supportdataquality assurance and optimize performance.Experience with IoTdatais a plus.,https://sg.indeed.com/rc/clk?jk=b398db04b4d255ed&bb=ElwOxAB0sjD_ForjS9x352FcY-YlE2vBXlaN6nUCYxUfNkeieHFt7DxguifNTDnKHeXFVuMgE3GBqVu6USf6wMvrkDuzcdVY6gGBqv2Sr8LM2_meTtoOLSpunVa5AOF3&xkcb=SoBc67M31973aGTHYR0IbzkdCdPP&fccid=20b5ba89f4fe2b5b&vjs=3,Not specified,b398db04b4d255ed
Data Analyst,User Experience Researchers Pte Ltd,Singapore,"$5,000 - $9,000 a month",Develop and maintaindatamodels and schemas to structuredatain a developer-friendly format.Continuously improvedatahandling processes and integrate…,https://sg.indeed.com/rc/clk?jk=ecd61ee7d107d4e5&bb=ElwOxAB0sjD_ForjS9x35xGoEdBcvaOyOLfjHssP9xbOeT_SdolZrd4DaUKBj_CpT5_lCpJ-gEu3SpITh8hiYpd8ZY9_BUCjrccncBt_hz1HWyrsZi_Tzuh9ptZDEep0&xkcb=SoDS67M31973aGTHYR0PbzkdCdPP&fccid=878eade42e62ba28&cmp=User-Experience-Researchers-Pte-Ltd&ti=Data+Analyst&vjs=3,Not specified,ecd61ee7d107d4e5
Data Analyst,Overmind,Remote,N/A,Mastery of SQL anddataanalysis.You will be responsible for managing the company’s user acquisition and retention funnels.Love for BI and dashboards.,https://sg.indeed.com/rc/clk?jk=ae0227f77bd7245d&bb=ElwOxAB0sjD_ForjS9x357h3p-honG86q4yEoEel3JEaHVK3_pHtpoXfq1gqm4r8veOL7h0je2Cux0csmWX-F72FyC2cJbUu2tNdkYDZyeUOz4_1wTBWAitqyFznIKjn&xkcb=SoBm67M31973aGTHYR0ObzkdCdPP&fccid=5a16eee79c3d59ba&vjs=3,Not specified,ae0227f77bd7245d
Business/Data Analyst (Python & Microsoft Fabric),Rapsys Technologies,Singapore,"$5,000 - $7,000 a month","Develop and enhancedatasolutions using advanced-level Python programming.Work with Microsoft Fabric fordataintegration, transformation, and analytics.",https://sg.indeed.com/rc/clk?jk=1eba326039af3d9a&bb=ElwOxAB0sjD_ForjS9x352XJkBIF0F053u4D1MtqU_t7px-_DzBqyXOV3XL6nN59qq0Lr4uait6BUKD_rqunE6E-7u0xzW4_vCUZY85OmVbKIMtoTKhUNjUfCJU02Lxi&xkcb=SoD767M31973aGTHYR0NbzkdCdPP&fccid=2ee7e763025b1d5d&cmp=Rapsys-Technologies-Pte.-Ltd&ti=Data+Analyst&vjs=3,Not specified,1eba326039af3d9a
Data Analyst (Internship),Infosys Singapore & Australia,Singapore,N/A,Compile and analyzedatarelated to business issues.Develop clear visualizations to convey complicateddatain a straightforward fashion.,https://sg.indeed.com/rc/clk?jk=7fb4ead9a6610e1b&bb=ElwOxAB0sjD_ForjS9x352gAjZtVwlc-YYJpU1Zc5vHg4qPDjv8t84WtwmJBo8RN1H9szLYbx6FS5vZ2o0Ias6H0qO8ybs-gs_pCadjbKyxOdQCSAB-gW5LYEjYxkUUE&xkcb=SoBP67M31973aGTHYR0MbzkdCdPP&fccid=c67533a523c83a4c&vjs=3,Not specified,7fb4ead9a6610e1b
Data Analyst Intern,Privyr,Singapore,N/A,"EnhanceDataSystems: Help build and optimize ourdataanalysis tools and frameworks, including Metabase fordatavisualization.",https://sg.indeed.com/rc/clk?jk=4b647fb44509c833&bb=ElwOxAB0sjD_ForjS9x359aYNXqybM9hAhCwYJusNTaIRqIgJnUa-kQykTKzcwToGPghuIoZ7KG9ilbXphsIuzsNhagV6Q6-T9wla_rVhGsEAw9-oRffZ5ELCCarrYkE&xkcb=SoCm67M31973aGTHYR0DbzkdCdPP&fccid=ee4e081db8f83d76&vjs=3,Not specified,4b647fb44509c833
Data & Insights Analyst,Agensi Perkerjaan BGC Group (Malaysia) Sdn Bhd,Singapore 168730,"$4,000 - $12,000 a month","Ability to translate complexdatainto understandable insights.Strong background indataanalytics (SQL, Python, or R).Job Types: Full-time, Permanent.",https://sg.indeed.com/rc/clk?jk=4abce2973f417139&bb=ElwOxAB0sjD_ForjS9x35yZI_GFhQQYRq7IRz7kJDio9I2_2OP3oT6ZNZpCi0V6u1lNgRVwbvIy0aT-qX9TnDS8XBevXbhhQrO9dcOdItf7MsVWnVYuTzLHd0ELT3ETM&xkcb=SoAS67M31973aGTHYR0CbzkdCdPP&fccid=0f75d43c25173602&cmp=Agensi-Perkerjaan-BGC-Group-%28Malaysia%29-Sdn-Bhd&ti=Data+Analyst&vjs=3,Not specified,4abce2973f417139
Data Analyst,KLA,Singapore,N/A,"3 years of experience indataanalysis and reporting usingdataanalytics tools, and working on Cloud basedDataWarehouse (Preferred Snowflake).",https://sg.indeed.com/rc/clk?jk=8f394bb69c57a166&bb=ElwOxAB0sjD_ForjS9x35yRUg-d5oKE6iXjIxwfYcjILsbvDk5Pc2atD7q1Alj4E7qipEBakwfZNLL5-j7N5c5vK7gzbjugA4vpol9a13AfzsvlbOdS_COsb1lW4kQjh&xkcb=SoCP67M31973aGTHYR0BbzkdCdPP&fccid=c8fc142c28286059&vjs=3,Not specified,8f394bb69c57a166
Data Analyst Intern,Allianz Singapore,Hybrid work in Singapore 068897,N/A,"Data Governance: Assisting in establishing and maintainingDataGovernance practices within the organization, includingdataquality management,dataprivacy…",https://sg.indeed.com/rc/clk?jk=66b0d64d5f816b73&bb=ElwOxAB0sjD_ForjS9x358sKDKQHxl9KeLaeVzWl5Udc8b_9AtdT-tgY7F4mwF7K6_E-r00ohQlbLiEE7XqHVydG1jZTSGBxB4NmTaOHuj6LX7GU4t_EBQ%3D%3D&xkcb=SoA767M31973aGTHYR0AbzkdCdPP&fccid=bf422d4af99309b2&vjs=3,Not specified,66b0d64d5f816b73
Data Analyst (Govt Healthcare) #SM,Talents@Work Pte Ltd,Singapore 307382,"$4,800 - $5,800 a month","Experience in developing and managing databases, with an understanding of logicaldatamodels anddatadictionaries.",https://sg.indeed.com/rc/clk?jk=8d46cbe74f0897c5&bb=ElwOxAB0sjD_ForjS9x35wW-L3XIq0AGAwrdV3ZpN5UQUmy7sDc0Agri9PIHCQD7ARxNR9ozFt0LbreX2OjwiOmNAbSSsw1RxiQuigUJk0aSrbOY8iYjQJyTfcNmB8yf&xkcb=SoC167M31973aGTHYR0HbzkdCdPP&fccid=f2d51f002710148f&cmp=Talents%2540Work-Pte-Ltd&ti=Data+Analyst&vjs=3,Not specified,8d46cbe74f0897c5
Data Analyst,OSL,Singapore,N/A,Establish and enforce company-widedatastandards while collaborating with cross-functional teams to aligndatapractices with business needs.,https://sg.indeed.com/rc/clk?jk=33fabebad34e19ac&bb=ElwOxAB0sjD_ForjS9x353npuqNY4Uw84d33hj71ZwEdZt8pCVhogjno1G-UjqAQjyC3hPQD2e38bTe2d5fKtbOHw8RnsBm1IjcM7EFwP-cx7V6fgLSRM03nK6EmR3nf&xkcb=SoAB67M31973aGTHYR0GbzkdCdPP&fccid=f0404b5315ab218d&vjs=3,Not specified,33fabebad34e19ac
Analyst- Fresh Graduate,Infosys Singapore & Australia,Central Singapore,N/A,"Design and perform exploratorydataanalysis, identify meaningful information out of data.Design and perform exploratorydataanalysis, identify meaningful…",https://sg.indeed.com/rc/clk?jk=e5a964d6f0780459&bb=ElwOxAB0sjD_ForjS9x35x6Lm5b-1Hzv_2jXqtMSrWo--n0ZxcVzN_RL6ZWfmmVCnbigFYD_r_Xfzr6PHP3mn-w6RzBtr6RNnsDZhuUJ682b0dX0PuMunQSvVaDMCAs2&xkcb=SoCc67M31973aGTHYR0FbzkdCdPP&fccid=c67533a523c83a4c&vjs=3,Not specified,e5a964d6f0780459
Data Analyst - Traffic & Content (2025 Fresh Graduates),Shopee,Singapore,N/A,"Experience usingdataaccess tools, building dashboards and analyses with large datasets and multipledatasources.",https://sg.indeed.com/rc/clk?jk=d7a54ca41255a759&bb=skEPa2iXzWJFPYd_3OgFZ37rrzowxo91bMTkJ4GK5L5pbNvLy5OJDKvHsIa1NMG4gxVZvPf9x0glqMn81HwuB-y-Agm9s8nGuwtb8Tj9LQb_p5nktOTVf9dAB8YXwitq&xkcb=SoAV67M3197xfkAZD70LbzkdCdPP&fccid=0b476c4a7add47fe&vjs=3,Not specified,d7a54ca41255a759
Data Analyst Intern,STACS,Singapore,N/A,"Improve thedatacollection and cleaning methods through automation.Detail oriented anddatadriven, strong in problem solving skills.",https://sg.indeed.com/rc/clk?jk=2e50a030156c9593&bb=skEPa2iXzWJFPYd_3OgFZwigvh3xrhVDOBB9xzI592moNsXXAAexHdDhh5qwau2W198iVtZrHgQ_Ejwa9kLt4pVKSOiluHuOnsn2wscDOo_Xa9VUop503-focLPxY3_s&xkcb=SoCh67M3197xfkAZD70KbzkdCdPP&fccid=e7988f01495311ea&vjs=3,Not specified,2e50a030156c9593
"Data Analyst, AI & Data, Technology Consulting",EY,Singapore 048583,N/A,"Familiarity withdatagovernance,datasecurity, and privacy practices.Experience of data-driven organizational transformation supported bydatainsights and…",https://sg.indeed.com/rc/clk?jk=328123c1f951be62&bb=skEPa2iXzWJFPYd_3OgFZ9oa0yLFaGJzSjg8bixZR_GfMWFwqWJkE_0t8yNpM5b5-xMBKWTPncPq1RwRRfHLN1GOnl7PTn3m2tB6oT0wESBeDzE0ybKCW2KPjDYTIMiO&xkcb=SoA867M3197xfkAZD70JbzkdCdPP&fccid=1544766d4c2915b0&vjs=3,Not specified,328123c1f951be62
Data Analyst - Intern,MSD,Hybrid work in Singapore,N/A,Providedataanalytics consultations to leadership and product team.Ad-hoc analytics against datasets provisioned ondataplatform.Intern/Co-op (Fixed Term).,https://sg.indeed.com/rc/clk?jk=0e6858eb809a6556&bb=skEPa2iXzWJFPYd_3OgFZ4DH_R6D7RoEt0tOniOiDL-oo2L1ADD7tPGxyQFJaqbwcEBcNfoatkdQlkuU1eF0tpaTk9Juvm587A2Tz9wOH16bEzaDtsENJ2_3EhohsAEi&xkcb=SoCI67M3197xfkAZD70IbzkdCdPP&fccid=3c0bf511b4a29309&vjs=3,Not specified,0e6858eb809a6556
Carbon Data Analyst Intern,Terrascope,Singapore,N/A,"Be responsible fordatatransformation and PDF extraction.Proficiency in Microsoft Excel, SQL, Python and otherdataanalysis tools.",https://sg.indeed.com/rc/clk?jk=28ed663480b47e30&bb=skEPa2iXzWJFPYd_3OgFZxiEVdrs5lfRmb58N7sl6TrKZ6omk4Np0f_lSUf4QklTne4jg5LJ0T9hhYKxF2x676FhNfIIIIutoO_vrOuB-0viPrf7ltrHfuwNwe7yfwOg&xkcb=SoAG67M3197xfkAZD70PbzkdCdPP&fccid=dc5b60d9e9b53b27&vjs=3,Not specified,28ed663480b47e30
Data Analyst,StarHub,Singapore,N/A,Collaborate closely with the BI Lead and other data-centric roles to ensure alignment anddataintegrity across projects.,https://sg.indeed.com/rc/clk?jk=f9aaf919d8ed5772&bb=skEPa2iXzWJFPYd_3OgFZ4Ofj2r9J5YCldtm81dYJDem8ef2e0owHCjINO1S8RB2C8j2TLdgGOunS6uMyTuSqHaJhUStmqH2pe5qh3Wef3yrRnI7Fiu7U0Wih8LoPyhQ&xkcb=SoCy67M3197xfkAZD70ObzkdCdPP&fccid=6f4d576f7f431e00&vjs=3,Not specified,f9aaf919d8ed5772
"Marketing Analytics, Junior Data Analyst (Campus Hiring 2025)",Shopee,Singapore,N/A,"Work with bigdatausing Hadoop ecosystem, with support fromdataengineers.Passionate aboutdataand solving challenging problems.",https://sg.indeed.com/rc/clk?jk=115d82e56113d71f&bb=skEPa2iXzWJFPYd_3OgFZ1IJefR9gUiiX9CyIVFJn0lrNH01-Y6t9jxvxZSdTiNPFOhA_5CJ2XfByFhklINunk9vV-Ftqn3IKOmNppe4HjKPtKmiEDLBRIMaAGnVhp4h&xkcb=SoAv67M3197xfkAZD70NbzkdCdPP&fccid=0b476c4a7add47fe&vjs=3,Not specified,115d82e56113d71f
Commercial Business Analyst,H&M,Singapore,N/A,"Collaborate with regional and global teams to combine webdata, customer insights, and productdatato improve assortment strategy and product activations.",https://sg.indeed.com/rc/clk?jk=b4b0ab5de11389bd&bb=skEPa2iXzWJFPYd_3OgFZ0DWKYp-I-WUNk9K3Xeu2cDzGzH8udCxZ9zSakjEiowUTrRzBkfYgmP4LaZfJU050b2VaiOUGVmuDSNlGEyc8fm3w4t4Ay2r6G34J9bv4lmr&xkcb=SoCb67M3197xfkAZD70MbzkdCdPP&fccid=7c13ea7d2941e927&vjs=3,Not specified,b4b0ab5de11389bd
Data Team Analyst,Phillips 66,Singapore,N/A,"Theanalystwill primarily utilize tools such as Databricks,DataFactory, and Power BI to develop meaningful insights into thedata; while developing a strong…",https://sg.indeed.com/rc/clk?jk=08f7c6fc52c37593&bb=skEPa2iXzWJFPYd_3OgFZydbvhKa7ng_f214bjDwotACEJvn_4JLKo-ZITLmm3KzjWGFgJPCrs4iw2kAl-aDMS-wnBa4SxB5pVr21p3K1RIFhLjf7sdQLPHmftGVESWx&xkcb=SoBy67M3197xfkAZD70DbzkdCdPP&fccid=72fa81f7018f6344&vjs=3,Not specified,08f7c6fc52c37593
Data Analyst Intern,ADDX,Singapore,N/A,"Perform exploratorydataanalysis,dataprofiling,datamapping anddatavalidation to assuredataintegrity, accuracy and consistency, identify the root cause…",https://sg.indeed.com/rc/clk?jk=fc053ad8f2f53359&bb=skEPa2iXzWJFPYd_3OgFZ73rJ0tx6LT0iM8ZLbLzMOspQLTZEesCUB8m4NLKDsk3ki2qZO-3Ntj1GqnQOJgOgC0_9oed7_KjWJNbUS3o8usg07ubOFHjoMqM4cTwliPG&xkcb=SoDG67M3197xfkAZD70CbzkdCdPP&fccid=d6e5d7e223ac379f&vjs=3,Not specified,fc053ad8f2f53359
Data Analyst,Pacific International Lines,Singapore,N/A,Build and maintaindatainfrastructure anddatapipelines to supportdataanalytics and machine learning models.,https://sg.indeed.com/rc/clk?jk=ae54bf9eed60989e&bb=skEPa2iXzWJFPYd_3OgFZwb_YC_0vjsNmKJ96JHz0Uv9s6aag8GOnpVqx_ICAFXqoZDGplHHMlw8740tGRMP8vpQM2sUimCDHcwuH-PHxqxwNJrXblvyTuzYkZnUHt5V&xkcb=SoBb67M3197xfkAZD70BbzkdCdPP&fccid=9ba15ce8cebdfa4b&vjs=3,Not specified,ae54bf9eed60989e
Data Analyst,Montfort Care,Singapore 398008,N/A,Reviewdatacollection practices and developdatacollection framework.Establish newdatagathering techniques.Documentation and Improvement of Work Process.,https://sg.indeed.com/rc/clk?jk=96bd82a2399a0727&bb=skEPa2iXzWJFPYd_3OgFZ_0Z9xGi5up5XxkrjW6neM7az_g2mmz8mlPcCrJonh7I9kGYVGikhNzevxA3uK7fdsFLanc7Pemcxqu6750yclON68IKDueMQ_R_xVIGvDsi&xkcb=SoDv67M3197xfkAZD70AbzkdCdPP&fccid=11a541b210b1c515&vjs=3,Not specified,96bd82a2399a0727
"Intern, Data Analyst",Bosch Group,Singapore 573943,N/A,"Data Analysis & Reporting – Analyze Asia Pacific Customer Backlog (CBL)data, ensuredataquality, validatedata, identify root causes, and resolve issues to…",https://sg.indeed.com/rc/clk?jk=d60349e7839e16d2&bb=skEPa2iXzWJFPYd_3OgFZxAFOEunY-phDCAIhsOkEYo-sI24ydn0pVEkvqoDY3PkTQ7HCc8aNkQTt9UgozascbLhGi6cNOuwPkrVS1KNUX-8t-wKQlt5T-G29C5qN_Pn&xkcb=SoBh67M3197xfkAZD70HbzkdCdPP&fccid=a2faf1301ac6ad4b&vjs=3,Not specified,d60349e7839e16d2
Data Analyst (Finance),Revolut,Singapore,N/A,"Understanding our business and its processes through our data.Promotingdataliteracy across the company, organising and holding workshops.",https://sg.indeed.com/rc/clk?jk=a1ee87d466733bae&bb=skEPa2iXzWJFPYd_3OgFZw6QpNBpPlQjUUuhLB-J3u_HXjBmwyVr8v0eRUN8_qcadPBTMwABO4AjQjOZphq1zRAZFEWRu2LJm6SIWVm-xjJ3hxtbh9_QNtFthuGJogH-&xkcb=SoDV67M3197xfkAZD70GbzkdCdPP&fccid=1c00ce6833fa8f3d&vjs=3,Not specified,a1ee87d466733bae
Data Analyst,Thatz International Pte Ltd,Singapore,"$4,500 - $5,000 a month",Proficient withdatavisualization tools (e.g Power BI / Tableau).Requires an analytical mindset to interpret complexdataand derive actionable insights.,https://sg.indeed.com/rc/clk?jk=9f3402e4024a7b79&bb=skEPa2iXzWJFPYd_3OgFZ48hbDum-EeSS-oKorAqDI6xRIxYHRwCmNrIMYvocyEiRwHJYOsPFYO5Pbdp1dSWwZ9hWj9emtUQkNBHn1jDP-Sl7iQK_RcHoFQwXTWEAEFg&xkcb=SoBI67M3197xfkAZD70FbzkdCdPP&fccid=c54255c3b5a4192e&cmp=Thatz-International-Pte-Ltd&ti=Data+Analyst&vjs=3,Not specified,9f3402e4024a7b79
Data Analyst,Pacific International Lines,Singapore,N/A,Build and maintaindatainfrastructure anddatapipelines to supportdataanalytics and machine learning models.,https://sg.indeed.com/rc/clk?jk=ae54bf9eed60989e&bb=JTJqgTlZVRusOVJckAxpT4-09Vto0Yehxwchhpp4Y_7VqyRmkjDIXdYl327paf6QQuN52EPIeQFIc77IH98RdfkLAUEHxdNLRhf24Jd_NMCuSHuiLwJtWRWLeH9rhgvn&xkcb=SoCP67M3198KGYgZDz0KbzkdCdPP&fccid=9ba15ce8cebdfa4b&vjs=3,Not specified,ae54bf9eed60989e
Business Strategy Analyst,SHIELD,Singapore,N/A,Interpretdataand work with internal teams to deliver data-driven presentations and reports for internal teams and external customers.,https://sg.indeed.com/rc/clk?jk=d4351fb7425d30e7&bb=JTJqgTlZVRusOVJckAxpT2ezIlXAXVIXjd4Oc227Y2zRx16rFu7iMsKv6q7_ivjdPh-1CrnF8pnU7G_FO72c4_npuKaTbfw6-4hZAPd5Zs9R5CJknV2aAx3BLOvr3L5u&xkcb=SoAS67M3198KGYgZDz0JbzkdCdPP&fccid=5facc90f9353eac9&vjs=3,Not specified,d4351fb7425d30e7
Manpower Development Data Analyst,Institute of Banking and Finance Singapore (IBF),Singapore 079912,N/A,Responsibilities:You will be part of a strategic and dynamic team and will be responsible for:Analysis of jobs and skillsdatafor the financial services sector…,https://sg.indeed.com/rc/clk?jk=a0ec70fe8583c95e&bb=JTJqgTlZVRusOVJckAxpT7hVV_bm0WDRsAVzpKxzFspbePvlWY5vO3Ot5aa_H-LrJqGT2VdOZ8jNyfC5S1vsOiDpop3hQ5vYbvr-yd8zcZWoe3zTKEb8mxtIr53CkWFm&xkcb=SoCm67M3198KGYgZDz0IbzkdCdPP&fccid=19735a120e69182c&vjs=3,Not specified,a0ec70fe8583c95e
Data Analyst,Montfort Care,Singapore 398008,N/A,Reviewdatacollection practices and developdatacollection framework.Establish newdatagathering techniques.Documentation and Improvement of Work Process.,https://sg.indeed.com/rc/clk?jk=96bd82a2399a0727&bb=JTJqgTlZVRusOVJckAxpT2grGm2KN9bPwn5v5ImMC7lJzUXw9e9vwm5E19sz2vAdReUytGong6sWxaxkKm0WP61OjD-GzXEKgYI16s2a9B7a37zeVD6acYEl5T63Sngw&xkcb=SoAo67M3198KGYgZDz0PbzkdCdPP&fccid=11a541b210b1c515&vjs=3,Not specified,96bd82a2399a0727
Data Analyst,foodpanda,Singapore 069542,N/A,Data Quality & Tracking: Monitoringdataquality and participating in QA processes to ensure consistency across all reporting metrics.,https://sg.indeed.com/rc/clk?jk=f8304c3e708d59a6&bb=JTJqgTlZVRusOVJckAxpT1H20UBUldtg7kvIx4jkg3-sSOEvB77ab674TUuuQpLnzfHcvGMoFKNe0OZ5a3TAcO4PM599SN9BWOwKlLxnL8qL_m_qwKo_4ativzhZfsBw&xkcb=SoCc67M3198KGYgZDz0ObzkdCdPP&fccid=3228946bc134183e&vjs=3,Not specified,f8304c3e708d59a6
Data Analyst,Thatz International Pte Ltd,Singapore,"$4,500 - $5,000 a month",Proficient withdatavisualization tools (e.g Power BI / Tableau).Requires an analytical mindset to interpret complexdataand derive actionable insights.,https://sg.indeed.com/rc/clk?jk=9f3402e4024a7b79&bb=JTJqgTlZVRusOVJckAxpT5W0eln22k7X_QFG8xDuGJsjUvh2qf_i1GxVjA7-OpA3uQJKLNbFavXqxamx6zU1c_f35OpKLpEONeqXQqk_yRbOqZxGaVN01UABslk6TNFG&xkcb=SoAB67M3198KGYgZDz0NbzkdCdPP&fccid=c54255c3b5a4192e&cmp=Thatz-International-Pte-Ltd&ti=Data+Analyst&vjs=3,Not specified,9f3402e4024a7b79
Data Analyst (Finance),Revolut,Singapore,N/A,"Understanding our business and its processes through our data.Promotingdataliteracy across the company, organising and holding workshops.",https://sg.indeed.com/rc/clk?jk=a1ee87d466733bae&bb=JTJqgTlZVRusOVJckAxpT02jHmBTXpZa4Lo_pJrGAVA_frtWhlHi0H8Pr9nmu-pazVteyaU8Qz8brXHThgXKPpXvzo4y0JOSCM9fsojt-0bLvq_NKGchpzRNy0nAf8tw&xkcb=SoC167M3198KGYgZDz0MbzkdCdPP&fccid=1c00ce6833fa8f3d&vjs=3,Not specified,a1ee87d466733bae
Binance Accelerator Program - Data Analyst (Binance Square),Binance,Remote,N/A,"Practical experience/skill of SQL, Python withdataanalytics.Supportdatarequests from business stakeholders with clear communication and requirement…",https://sg.indeed.com/rc/clk?jk=1023e860c648a6e2&bb=JTJqgTlZVRusOVJckAxpT2lWJ8Qw-_Kviu4b2JqakxbGN4BIBGwiNxWiPDZfERjK9WtFqCnNJXLkbgUQruhigINuOgzqop3DBdgFXK1C-SrHhqX4nfiNZ2_RHgthQdpr&xkcb=SoBc67M3198KGYgZDz0DbzkdCdPP&fccid=ac2ee5578fa99fc9&vjs=3,Not specified,1023e860c648a6e2
Business Data Analytics,Pumas Automation & Robotics Pte Ltd,Singapore,N/A,"Provide analysis and identify areas for performance improvement viadatamodelling,datamining, statistical analysis, simulation, optimisation & etc.",https://sg.indeed.com/rc/clk?jk=667b4e8c30158fc8&bb=JTJqgTlZVRusOVJckAxpT0jFKTd8vhmSEkT68UFkd8O9NMSd1yLc4vhVrvgNO8O4XZtQfs4ouzaACJf7aAB6W9gLuqKfwyAwr5IuSN11ZI7MksDu5jyFYYvmPhhm3HeX&xkcb=SoDo67M3198KGYgZDz0CbzkdCdPP&fccid=3b5ccb956e82d552&vjs=3,Not specified,667b4e8c30158fc8
Data Analyst - Singapore,IntersoftKK,Singapore,N/A,Develops technical understanding of how thedataflows from various source systems and source types to a modelled database solution in thedatawarehouse after…,https://sg.indeed.com/rc/clk?jk=018c709b946cac57&bb=JTJqgTlZVRusOVJckAxpTxmDpLwCXIgEfOm3rkqlmSviYwjXsveKZP8EJJ1rAge-X5-vRCU_rEXA1NHM1oUcNA2mBjFmzKdXoK1FOHlFFRnwW-MgA-ySHagK2Jnagh5y&xkcb=SoB167M3198KGYgZDz0BbzkdCdPP&fccid=299abef9338a7a44&vjs=3,Not specified,018c709b946cac57
Data Analyst,Rapsys Technologies,Singapore,"$6,000 - $8,000 a month","2-4 years of financial/business/dataanalystexperience.Collaboration: Work closely with cross-functional teams, includingdataengineers, business analysts…",https://sg.indeed.com/rc/clk?jk=72a6d211f0a5237e&bb=JTJqgTlZVRusOVJckAxpT7JOxpjM1U58fW37rJxfT_eweEUmsfC4OjibRA4HsV9Q6ZYz3L05l7ELD1gRoS0wFqijSVQrpTunQws9Yr_Kwb7PHtJeAo5GKz5gLxNtrhy4&xkcb=SoDB67M3198KGYgZDz0AbzkdCdPP&fccid=2ee7e763025b1d5d&cmp=Rapsys-Technologies-Pte.-Ltd&ti=Data+Analyst&vjs=3,Not specified,72a6d211f0a5237e
Business Analyst,Builder.ai - What would you Build?,Singapore,N/A,Knowledge of Python or R fordataanalysis is a bonus.Process Optimization: Identify inefficiencies in business processes and propose data-backed improvements.,https://sg.indeed.com/rc/clk?jk=5009d9a8fd4ddb89&bb=JTJqgTlZVRusOVJckAxpTzc5A76MaTcJ7erf1ZTZHAM8cdA_Pc0w81IuGhJjsTShvihkkJoViqDH4zBtUHwQf9nsBKAY5FhTJM3nJBi8R5R8dl7Oz6msO7tQ15GzSMsO&xkcb=SoBP67M3198KGYgZDz0HbzkdCdPP&fccid=f2413f058064dc95&vjs=3,Not specified,5009d9a8fd4ddb89
"Associate - Assurance, Forensic Data Analyst (2025 Graduates)",EY,Singapore,N/A,"The FDA team practices the full life cycle ofdataanalysis from the early stages ofdatadiscovery and capture to its management, analysis and reporting.",https://sg.indeed.com/rc/clk?jk=d7bc66f75d9f1c28&bb=JTJqgTlZVRusOVJckAxpTzBTHTRPC_2KGQp-uK3FRozUHAs1SkwvKqpJFUJLnwhZvi4ob0dAd9950mj7nY_fFpZzDmCV1x8P4jSqabYlGepc7j9d4wm2z9y0KE2iP5xb&xkcb=SoD767M3198KGYgZDz0GbzkdCdPP&fccid=1544766d4c2915b0&vjs=3,Not specified,d7bc66f75d9f1c28
"Intern, Data Analyst",Bosch Group,Singapore 573943,N/A,"Data Analysis & Reporting – Analyze Asia Pacific Customer Backlog (CBL)data, ensuredataquality, validatedata, identify root causes, and resolve issues to…",https://sg.indeed.com/rc/clk?jk=d60349e7839e16d2&bb=JTJqgTlZVRusOVJckAxpT51Fbs-xf7ZWIKcRTywOtxl4YGu-BBALyIGcDJyR7GxYjlDmrIyzG_W8q63WlT_NZemHFlUlUdwXNee4oyryI9sKoJxYl3_FtvxSZAFKZrsA&xkcb=SoBm67M3198KGYgZDz0FbzkdCdPP&fccid=a2faf1301ac6ad4b&vjs=3,Not specified,d60349e7839e16d2
Ad-hoc Data Analyst,Codingo Assignments Pte. Ltd.,Singapore,N/A,Good communication skills to presentdatafindings clearly and concisely.Develop and implement complexdataqueries to extract valuable insights from large…,https://sg.indeed.com/rc/clk?jk=013e0137abc7306e&bb=JTJqgTlZVRusOVJckAxpT74eUPm4A31zykN6Py4_rZplWos1ZC1Ok60nrR3-QZPB0V46cMxi51QHF4P5dbMf71KQRssi6oAfG2ckrkUf6gIjax-90LKzDTyzXAbCh9Uc&xkcb=SoDS67M3198KGYgZDz0EbzkdCdPP&fccid=6b862d0087b33d11&cmp=Codingo-Assignments-Pte.-Ltd.&ti=Data+Analyst&vjs=3,Not specified,013e0137abc7306e
TikTok Shop - Data Analyst,TikTok,Singapore,N/A,"Leveragedataanalysis expertise to designdatasolutions to solve commerce operation/product problems such as supply growth, seller growth and marketplace…",https://sg.indeed.com/rc/clk?jk=e741b961cf5c7f24&bb=p9OITpDa9rj7rTd08XpMUPJkplt3n_plG3TewnJ9mpDxU0xmB5ZSK9XgUD9Xo3n-sLgp3xhY33nALin-haBCqW1bH-xnVL_3pdGfTEv--ox4GPfmpnOdXflI4nKHsUrD&xkcb=SoBj67M3198D0vTHYR0LbzkdCdPP&fccid=caed318a9335aac0&vjs=3,Not specified,e741b961cf5c7f24
Data Analyst,"MODEC, Inc.",Singapore,N/A,"This role involves collaborating with various departments to understand theirdataneeds, extracting and transformingdatafrom multiple sources, and ensuring…",https://sg.indeed.com/rc/clk?jk=4e13027cfd3df1c2&bb=p9OITpDa9rj7rTd08XpMUMdfhIPBBUGS3qx9bWHQ9v2fTUkIYgU3b2R5Yxj9jJR7wmHA_VjoKAXeJmAX9H5wpoCThxj3A_DM2qdTS0Dbtc-CJjxMwHzd0_JFkwOVhuik&xkcb=SoDX67M3198D0vTHYR0KbzkdCdPP&fccid=8e954a38682688e2&vjs=3,Not specified,4e13027cfd3df1c2
"Data Analyst, Performance Management",TikTok,Singapore,N/A,"The role seeks to drive clarity, solve ambiguous, challenging business problems using data-driven approaches to dig into complexdatasets and derive data…",https://sg.indeed.com/rc/clk?jk=b0b5abd201ef7938&bb=p9OITpDa9rj7rTd08XpMUPJkplt3n_plR8aIVYUVQbRzWQiADJkxA0o1M9PbUYGv3oMrt2GzyqLzVBQaIqA821qhKMvxU9O4lmY6-Bn8XIPt32GwRa6GrZz-t3bGpoC4&xkcb=SoBK67M3198D0vTHYR0JbzkdCdPP&fccid=caed318a9335aac0&vjs=3,Not specified,b0b5abd201ef7938
Data Solution Operations - Analyst,JPMorganChase,Singapore,N/A,Experience working indatamanagement at an Asset Manager.Supportsdatamining and analytics to help define process flow and best practices.,https://sg.indeed.com/rc/clk?jk=64f110b30a843b98&bb=p9OITpDa9rj7rTd08XpMUETbVKBZM6shQR7ILPKpNzKxla3NGFAaH9U3W-U37fC2qtTf1_f7jqFASpjkt4SW9d-2QcCX9pbLTma_Fu5BTyj4MCvzQMt-jg%3D%3D&xkcb=SoD-67M3198D0vTHYR0IbzkdCdPP&fccid=c46d0116f6e69eae&vjs=3,Not specified,64f110b30a843b98
Data Operations Analyst,Point72,Singapore,N/A,"Day-to-day operations includingdatavalidation,dataentry tasks,datacleaning, security audits and reporting.SystematicData|DataEngineering.",https://sg.indeed.com/rc/clk?jk=d9d6415cbc7a1ef3&bb=p9OITpDa9rj7rTd08XpMUCkRXw7d7sWnwqTcJ1DNy4iQwPFxLqEjl5fIdNI9cvS_NxVIWbwiD8CR5Qd-jOCOdRlWeJd3w9MDBmc3xneLzz34bvPIPgMnRCTtiG0JIE-h&xkcb=SoBw67M3198D0vTHYR0PbzkdCdPP&fccid=89add93ce58a63fa&vjs=3,Not specified,d9d6415cbc7a1ef3
Sanofi Manufacturing Innovators Program _ Data Analytics,Sanofi,Singapore,N/A,Strongdatapresentation skills to convey insights and opportunities clearly.Data Analytics team turnsdatainto actionable insights that drive smarter…,https://sg.indeed.com/rc/clk?jk=480b0962f8da0bef&bb=p9OITpDa9rj7rTd08XpMUC1eFEuCA_FNR6_MplIGYJUMu98YkVf6UTUNiesNmhq_kkZo0qRNcI-QxiUP44TVcvrId3J2fcmvOLBBeNPqlDzbHMGAknP5p4UaaPJOxhnf&xkcb=SoDE67M3198D0vTHYR0ObzkdCdPP&fccid=5d3ed74ca4598964&vjs=3,Not specified,480b0962f8da0bef
Business Analyst,Lenovo,Central Singapore,N/A,"Ensuredataaccuracy and consistency.Data Analysis & Modeling: Conduct in-depthdataanalysis using various techniques, including statistical modeling, machine…",https://sg.indeed.com/rc/clk?jk=eaef0c08c73177dd&bb=p9OITpDa9rj7rTd08XpMUOejQunMDbRYzHuounz8O-SbMPCVIoVQN2mZ8IKiGeTdvaQKcS0v3c0RO8IuOTGySiSV-sgIUVrV9EIzGn_9m1HNZlLFOuHx1w%3D%3D&xkcb=SoBZ67M3198D0vTHYR0NbzkdCdPP&fccid=af103eaff391cdf0&vjs=3,Not specified,eaef0c08c73177dd
Reference Data Operations - Pricing Data Analyst,JPMorganChase,Singapore,N/A,"Good understanding of databases,datamodels anddatastructures is preferred.The organization's objectives are to deliver business impact through fit-for…",https://sg.indeed.com/rc/clk?jk=0eb13de3cc9c6483&bb=p9OITpDa9rj7rTd08XpMUHZzHEDvY7AxZHe2bg_pecWW-Ax9YBKU69nHAyxesb5GVrqKAn2oW0xfxhUbIfExp43D1czq2ky4ygt1gZc1839f-sypVNDB-g%3D%3D&xkcb=SoDt67M3198D0vTHYR0MbzkdCdPP&fccid=c46d0116f6e69eae&vjs=3,Not specified,0eb13de3cc9c6483
Performance Marketing Data Analyst,Eclerx,Singapore,N/A,Manage procurement ofdatafrom various sources and performdataaudits.Setupdatapipelines for migrating thedatafrom one platform to another.,https://sg.indeed.com/rc/clk?jk=bb6de818e8e555ac&bb=p9OITpDa9rj7rTd08XpMUOPPCIBJXnYcpMT5KBhNlme1BnZB6ZKQquI4AjkeHi5nL1YUFKcBEjXbnt1G6L4oScaDqLsGOYYg8zgoMuueT3tOCXrhhXmzq0rISJU2uKN0&xkcb=SoAE67M3198D0vTHYR0DbzkdCdPP&fccid=e6a2604cd4491b02&vjs=3,Not specified,bb6de818e8e555ac
"Business Analyst Intern, TR APAC",LVMH Beauty - LVMH Fragrances and Cosmetics,Singapore,N/A,Support LVMH TR APAC Businessanalystto revamp monthly market file estimation.The Intern BusinessAnalystTR APAC LVMH Beauty will support Regional Finance…,https://sg.indeed.com/rc/clk?jk=228887f1a340cfbe&bb=p9OITpDa9rj7rTd08XpMUFAnmORqBu3vR5LBQZyqkFo4ebaGEfZOAqdWxEiOL8SRu_nAL5RBuP4WFb2gZqzlVThxl5YhclhckLtSEsqKECrUV-jU0DiSpw%3D%3D&xkcb=SoCw67M3198D0vTHYR0CbzkdCdPP&fccid=dd616958bd9ddc12&vjs=3,Not specified,228887f1a340cfbe
"Analyst, Business Support & Admin (SCD/LAF)","MUFG Bank, Ltd., Singapore Office",Singapore,N/A,"Manage thedataof regional and sectorial initiatives with team members.This position sits in the two teams with one reporting line, the Sector Coverage team…",https://sg.indeed.com/rc/clk?jk=34c48b1a7d2cea13&bb=p9OITpDa9rj7rTd08XpMUMF8PadtKiXwXu3EeQb2nQ5RFeDR8he87te9hOvt7nAW-7j9swda8Y4femr4tK_ePJzLgtu0TNhWpgxDcjbN7YuDMC2IMO0rGdGZ520L0obg&xkcb=SoAt67M3198D0vTHYR0BbzkdCdPP&fccid=dd616958bd9ddc12&vjs=3,Not specified,34c48b1a7d2cea13
Quantitative Research Analysts,Kredens Capital Management (KCM),Singapore 079333,N/A,Implement models in python and other data-processing language.Demonstrated ability to conduct independent research utilizing largedatasets.,https://sg.indeed.com/rc/clk?jk=35164cf62bc34b66&bb=p9OITpDa9rj7rTd08XpMUOj_w377JpgopXQMHNggExH40W2SdDbV91ug47bentfi8KK9ojQ2dGQsGZOABKJtEDTPmJEJsjrDnk8gJcx6ymZOz4Ii2jSMG3zmSY6s6l6w&xkcb=SoCZ67M3198D0vTHYR0AbzkdCdPP&fccid=aa0ec97f4ce66957&vjs=3,Not specified,35164cf62bc34b66
Business Analyst,NTT DATA,Singapore 339509,N/A,"Knowledge of API integrations anddataworkflows in mobile and web applications.Prepare documentation of processes, workflows or business requirements.",https://sg.indeed.com/rc/clk?jk=21e89a6fdfdda19c&bb=p9OITpDa9rj7rTd08XpMUL3cCEw_kJtc9cHp53_7z0wal5bWv3lRhO9DCOlGhP5BXzCMA23MePaSoLiqe7GrJbHKQp-Rhemfta4W69JO8CkdmorryXflc9iD2isXe4KY&xkcb=SoAX67M3198D0vTHYR0HbzkdCdPP&fccid=91444a28cb181211&vjs=3,Not specified,21e89a6fdfdda19c
Actuarial Data Analyst,Munich Re,Singapore,N/A,"You will utilize your actuarial knowledge anddataanalytics skills to transform, process and analyze client bordereaux data.",https://sg.indeed.com/rc/clk?jk=8c0108efc139acc6&bb=p9OITpDa9rj7rTd08XpMUJxy1ZAlcHcNmfIlB8zgc_TpSGpEMrQiqYD4016iVgjXoMZdNj-n_ac800v0L2SEsYzSY2nSGHzZjeRLMZdSj-W6uYyMr7HPHA%3D%3D&xkcb=SoCj67M3198D0vTHYR0GbzkdCdPP&fccid=d4448c192a012f32&vjs=3,Not specified,8c0108efc139acc6
Client Services Analyst (Data),Pacific Life Re,Hybrid work in Singapore,N/A,"Some of the key responsibilities of being a Client ServicesAnalystare reviewing reinsurance treaties, conductingdataanalysis and interpreting the results…",https://sg.indeed.com/rc/clk?jk=d7ef815f95c0e100&bb=p9OITpDa9rj7rTd08XpMULtx2zEJvqB_GzKOA0aemUUfe7K107RzYsDs7n_USpKZ3RtDdu0VuN2om0V2ZGAVD9UGQpRz-hUVwA7y9JFWol8gonJ8J5eAACbeoMUk-YMn&xkcb=SoA-67M3198D0vTHYR0FbzkdCdPP&fccid=97bfb79867bd9b23&vjs=3,Not specified,d7ef815f95c0e100
Sanofi Manufacturing Innovators Program _ Data Analytics,Sanofi,Singapore,N/A,Strongdatapresentation skills to convey insights and opportunities clearly.Data Analytics team turnsdatainto actionable insights that drive smarter…,https://sg.indeed.com/rc/clk?jk=480b0962f8da0bef&bb=nl0FMVkdGrB7bg7p-vYVOIEm1evewo_5oBhdEUdCJsy4iwzV9bszfeE1Wxp5eYjEuiNQOQB71K_RU-_RzBto-6LkgiAJgj-_jWOgWS2ifVmkPSrwYZkEsXtp6DpjRww9&xkcb=SoCV67M3198cJMzHYR0KbzkdCdPP&fccid=5d3ed74ca4598964&vjs=3,Not specified,480b0962f8da0bef
IT Business Analyst/PM,Helius Technologies,Singapore,N/A,"The role will primarily focus on collecting business requirements in order to understand system impact and document functional specification or user stories,…",https://sg.indeed.com/rc/clk?jk=c3e16c822e2f101b&bb=nl0FMVkdGrB7bg7p-vYVOBbjcaFcQPkrFcFVzKyu1_4OWrFJqXrdKZSz0Mp1wLYKzQ16GeIablq3tuEZKYEYyEnp7dMJJK69a1k-DxAlCHvXd2-_RKsXjmyjHZ8VsvfO&xkcb=SoAI67M3198cJMzHYR0JbzkdCdPP&fccid=b3282c125f18e0c0&vjs=3,Not specified,c3e16c822e2f101b
BUSINESS ANALYST,Morpheus Consulting Pte Ltd,Singapore,N/A,"Elicit requirements using interviews, document analysis, requirements workshops, surveys, site visits, business process descriptions, use cases, scenarios,…",https://sg.indeed.com/rc/clk?jk=1611ad1c8fbe0a86&bb=nl0FMVkdGrB7bg7p-vYVOJJ414JyAd2IarcK5wuuUW7rm-8NYVyRVX9ypaV9GYslrvv3wCKGd1oyWm3piJY2OuDevnAhiXy1T3njdrAjoP7onfMOHYlQO1TAau7_hHfb&xkcb=SoC867M3198cJMzHYR0IbzkdCdPP&fccid=951b2d1cc019053d&vjs=3,Not specified,1611ad1c8fbe0a86
Data Management & Coordination Analyst,Dow Jones,Singapore,N/A,Managingdatasubscriptions for critical data.Experience with spreadsheets and commoditydataanalysis.Loading thedataonto the publishing platform.,https://sg.indeed.com/rc/clk?jk=303902ee7b16a104&bb=nl0FMVkdGrB7bg7p-vYVOCHsayI8Jt6Un-Y3fMF9RRgEvJ8cR0tBrk_-Bz55VuB1owijZad6-32A803YjZwQwOQ7oOml7UGhvLG6HD1SUtNmikc_mxu4ww%3D%3D&xkcb=SoAy67M3198cJMzHYR0PbzkdCdPP&fccid=d2621f51dde471d3&vjs=3,Not specified,303902ee7b16a104
Data Analyst Intern - Global Payment - 2025 Start,ByteDance,Singapore,N/A,"The payment and financial business are all data/intelligence driven businesses, which means that driving business throughdatacapabilities,dataservices, data…",https://sg.indeed.com/rc/clk?jk=9b9bdec2f9d91132&bb=nl0FMVkdGrB7bg7p-vYVOCHx0loaNAJOdZ6JoZlMYqR6M2UWCWZmMpRFgd29in6yTBc9VE5-A5nMk3eV-n9ol7NF6oILqPzNYuoT-R3K8BBwB4CFP0Zb_gxnhIvnOa3h&xkcb=SoCG67M3198cJMzHYR0ObzkdCdPP&fccid=74fbc768a4e5bece&vjs=3,Not specified,9b9bdec2f9d91132
Business Analyst,CIS,Singapore,N/A,"Conductdataanalysis to identify trends and provide actionable insights.Experience indataanalysis, reporting, and providing insights to support business…",https://sg.indeed.com/rc/clk?jk=e0262a3a5e07b889&bb=nl0FMVkdGrB7bg7p-vYVOI8GeI4f6woSJgYqauAy51RbVVKeOBwGXgzMcvWsI2Xh3s4WplJm8s-wVnG1h6imy7VHQVM4zWEUr8THAoZMIQX6GwI-JdFC6Wnpj5Scho5n&xkcb=SoAb67M3198cJMzHYR0NbzkdCdPP&fccid=97da2e000e9aab5f&vjs=3,Not specified,e0262a3a5e07b889
LLM Global Data - LLM Performance Operation Analyst (Non-safety),ByteDance,Singapore,N/A,Gain first-hand experience in understanding how to measure and analyze performance of LLM on various dimensions.,https://sg.indeed.com/rc/clk?jk=7042c0b741fd9192&bb=nl0FMVkdGrB7bg7p-vYVOEOA9_FWMJqV02GK2Gk2c-8y2oPxpEEE8Mwc1i4NZkRf9DI-LP6j4BbdJ81dJvkqfXYwupL9UtnQLI7dD-BKXCDZzcWmZSIB9mMTEhXns2uU&xkcb=SoCv67M3198cJMzHYR0MbzkdCdPP&fccid=74fbc768a4e5bece&vjs=3,Not specified,7042c0b741fd9192
"Analyst, Business Support & Admin (SCD/LAF)","MUFG Bank, Ltd., Singapore Office",Singapore,N/A,"Manage thedataof regional and sectorial initiatives with team members.This position sits in the two teams with one reporting line, the Sector Coverage team…",https://sg.indeed.com/rc/clk?jk=34c48b1a7d2cea13&bb=nl0FMVkdGrB7bg7p-vYVOLUdOYDDLNSIHw6hBWue_spL05hJVbQlE0PU5ZGttKmvYr-9eAIzFijz7jDOIGuCbZdNR-Jtph7OXHt2YwWfGKzS-OOprbI9IbBy6PfyE2Ij&xkcb=SoBG67M3198cJMzHYR0DbzkdCdPP&fccid=dd616958bd9ddc12&vjs=3,Not specified,34c48b1a7d2cea13
Business Analyst,Anacle Systems Pte Ltd,Singapore 138633,N/A,"Review customerdataand assist indatacleansing, preparation for migration, and post-migration validation.Play the role of functional consultant and project…",https://sg.indeed.com/rc/clk?jk=f71755f2dd91e875&bb=nl0FMVkdGrB7bg7p-vYVOH25oZxMRsfUz-jw_C2GQ0HGsU49c44FlsOwK944u7J5SwPSi_sGmiTUUkIQrwxtYc4yy0j88A-Gg8DpbW39D8t0w6esfT88KjITsCya59Vm&xkcb=SoDy67M3198cJMzHYR0CbzkdCdPP&fccid=10dbc1ff8771544a&vjs=3,Not specified,f71755f2dd91e875
"VP, Data Analyst - Anti Financial Crime",United Overseas Bank Ltd,Singapore 048624,N/A,6 – 8 years of experience working in the technology space and preferably at least 2 - 4 years ofdatascience /dataanalytics experience.,https://sg.indeed.com/rc/clk?jk=2e435fd23b284f10&bb=nl0FMVkdGrB7bg7p-vYVOJWK50-9qSGELN6T1Dsz_SDWn99DnfRWeBHgcjMYOufipeVvDbiUVAT0_SfaJcgOEqDo-YLOU-KUv2evG6fnV-W0W-g9MQaLVpWnv08tI8FE&xkcb=SoBv67M3198cJMzHYR0BbzkdCdPP&fccid=b1ace17c9d00764e&vjs=3,Not specified,2e435fd23b284f10
Senior Researcher / Data Analyst,MLResearch Consultants,Singapore 079903,N/A,"You will lead the team and provide directions in problem identification, conceptualisation, research design, hypothesis formulation, questionnaire design,…",https://sg.indeed.com/rc/clk?jk=a58b9d90309d01ae&bb=nl0FMVkdGrB7bg7p-vYVOFWcCWsXcVWPak6GArtSd-UE6IEEBMdWGUUeh8zvZocE9YKjUnfwc1iph9rJ4sB9YpGgKHhtj-SUxmMhkRck-RUr7GIcJyayo5AiNOzWiJuM&xkcb=SoDb67M3198cJMzHYR0AbzkdCdPP&fccid=a9876db3d276aae9&vjs=3,Not specified,a58b9d90309d01ae
"Intern, Business Analyst",Sembcorp Industries,Singapore,N/A,"Experience withdatatransformation,datavisualization,dataquerying, database management and modelling.Create and maintaindatapipelines to automate data…",https://sg.indeed.com/rc/clk?jk=322e6f442c60bacc&bb=nl0FMVkdGrB7bg7p-vYVOBJWOS6ugqJ5g_CfzjC4UIpQxw6rbNbbz26ZrwZE3JoFY_fRM8Ni8IxC39f2X3GBMGx9CqhFWd2X2wdGMRrTnb5_vyYbOw3AJNzUzm1Dr55n&xkcb=SoBV67M3198cJMzHYR0HbzkdCdPP&fccid=0da62580206b5c8f&vjs=3,Not specified,322e6f442c60bacc
Summer Internship 2025 - Data Analyst & BI Intern,Munich Re,Singapore,N/A,"Pursuing a Bachelor's or Master's degree indatascience / artificial intelligence,dataanalytics, statistics, computer science, information technology, or a…",https://sg.indeed.com/rc/clk?jk=7dcd1276879a5ef0&bb=nl0FMVkdGrB7bg7p-vYVOOu0TAi4WTRSJkjZj9qmdb9wfGaOIhQAe6_vgniTtJsXPcCJdASoIBoz8Xe3IMV7P99rvPZWEsN-bfEr5pdMocrhSR6CfeTN1Q%3D%3D&xkcb=SoDh67M3198cJMzHYR0GbzkdCdPP&fccid=d4448c192a012f32&vjs=3,Not specified,7dcd1276879a5ef0
"Data Analyst Intern - Regional Marketing Analytics, Regional Brand & Growth Marketing (Summer 2025)",Shopee,Singapore,N/A,Passionate about programming/data analytics and solving challenging problems.The Business Intelligence andDataAnalytics team plays a critical role in…,https://sg.indeed.com/rc/clk?jk=078b3ae1cc63cac7&bb=nl0FMVkdGrB7bg7p-vYVOJfk8mnckGFl-nOFY2NN9RZuI-RaSkkGWr97Mx3BLbV8YWpkKZY9z-aP_5vdtNv9olmQO4rISpO1k5GWk10_ZebtaDLvFjhbCRQJlqvf980g&xkcb=SoB867M3198cJMzHYR0FbzkdCdPP&fccid=0b476c4a7add47fe&vjs=3,Not specified,078b3ae1cc63cac7
Quantitative Research Analyst (Intern),First Plus,Singapore,N/A,Conduct thorough analysis of large datasets containing historical and real-time equity market data.Effectively communicate research findings and deliver…,https://sg.indeed.com/rc/clk?jk=a7cf3e041e0dcf24&bb=nl0FMVkdGrB7bg7p-vYVOF_8hFx5IOB9qlO6QMEFh14FJR3MCA2gP7FQBz3q8w-Qc_yJ_qLrkZMjbW0FYxVXb1Yb3dtHBkiO8vHl-rp5cC2_f5wji5fMgOLU1TfB0sHL&xkcb=SoDI67M3198cJMzHYR0EbzkdCdPP&fccid=c53eff996173f9f3&vjs=3,Not specified,a7cf3e041e0dcf24
Analyst (Information Analysis)*,Ministry of Defence Singapore,Singapore,N/A,"You conduct research and analysis on the strategic communications environment, online information trends and developments, and their applications and…",https://sg.indeed.com/rc/clk?jk=3d3d78c6842182c8&bb=8OV05URFWl3biv-K-iCphe7rs6HnHcdjZ7WTB3xK-6sHL4lGvpolp6Zd6urpNVXfFJRUE5XYq6_63-_AXeyQyuczx2ZvcYoyO0QhStT5LYL4h2X_Fl43YyB1QC-x4Y4J&xkcb=SoDo67M3198VNwAZDz0LbzkdCdPP&fccid=99383bc2cc2d5975&vjs=3,Not specified,3d3d78c6842182c8
"Intern, Product Management (Data Analyst)",CapitaLand,Central Singapore,N/A,Assist indataanalysis efforts to uncover insights and trends.Usedatato uncover opportunities for app improvement and optimization.,https://sg.indeed.com/rc/clk?jk=e1e6406a3b7fcae3&bb=8OV05URFWl3biv-K-iCpha5t18So6WT9b3fEY0LTbDN6AvAo8U7j6YgJcTYIEVXSKunmPu4MzjTovK0--t3WCOWkGk6K_xLk6-H_4s0aiMw7np_J3FfC4-BcPRUjZZhd&xkcb=SoBc67M3198VNwAZDz0KbzkdCdPP&fccid=2ff585682e0825cf&vjs=3,Not specified,e1e6406a3b7fcae3
Data Analyst (Internship),Infosys Singapore & Australia,Singapore,N/A,Compile and analyzedatarelated to business issues.Develop clear visualizations to convey complicateddatain a straightforward fashion.,https://sg.indeed.com/rc/clk?jk=7fb4ead9a6610e1b&bb=8OV05URFWl3biv-K-iCphcrgK16BuA4FfpkZiqHL4DDrQuJiQo9B-2Gxpq3hOUlCcvaBqUVnx5UcQ4hIXmAOEU_LdDx-6G00-UHIwqOL1_V_MZ6QcTCaDiD_bzhStG3Q&xkcb=SoDB67M3198VNwAZDz0JbzkdCdPP&fccid=c67533a523c83a4c&vjs=3,Not specified,7fb4ead9a6610e1b
E-commerce Data Analyst,TikTok,Singapore,N/A,"Operation core index design,datadashboard design landing, core indexdataabnormal monitoring;Overall responsible fordatasupport of e-commerce overseas…",https://sg.indeed.com/rc/clk?jk=37746e885b2fdee8&bb=8OV05URFWl3biv-K-iCphSwWIWf930_owKqvJPa_xnlP-QA4CQiekvX1r7njs957Aw6ASl5lptWH8p7NqjAfjPR0bc5oD23Ji-YCGY4Xe7T0nfPT_BkKY4EZlCWUG40z&xkcb=SoB167M3198VNwAZDz0IbzkdCdPP&fccid=caed318a9335aac0&vjs=3,Not specified,37746e885b2fdee8
Business Analyst,Shopee,Singapore,N/A,"Prior experiences in a data-driven role, internship or full-time.Strong analytical and problem-solving skills with proficiency in Python and SQL for data…",https://sg.indeed.com/rc/clk?jk=77163b4460d7c3a2&bb=8OV05URFWl3biv-K-iCphdCNgg5noU2Dh-peskJYsttGer__2gfo4GXzmHemNIT3rtoONlTArUPhXIkJDP_r66BWj3J-gnt5iQqZE09ct9aWa-1ZcjQWDzJoKZdCRZfS&xkcb=SoD767M3198VNwAZDz0PbzkdCdPP&fccid=0b476c4a7add47fe&vjs=3,Not specified,77163b4460d7c3a2
Data Analyst (Internship),ShopBack,Hybrid work in Singapore,N/A,Build a strong understanding of ShopBack’sdataecosystems within the internal teams and be thedataevangelist who makes sure we make the best use of available…,https://sg.indeed.com/rc/clk?jk=b05fa469dc6ddd64&bb=8OV05URFWl3biv-K-iCphdrQEJgOd3FY-SkKRXwH95P41PW5ra-4cDAUzaHa0vfH0zWjkPSax1oYND9xQSEzEiruXi1Lef1b6d1-N1f5gofG_5vGiNb3Hf0O4MrtJPmO&xkcb=SoBP67M3198VNwAZDz0ObzkdCdPP&fccid=7bf6965d650fe797&vjs=3,Not specified,b05fa469dc6ddd64
"Data Analyst, Information Analytics Services (1 Year Contract)",Tan Tock Seng Hospital,Singapore,N/A,Conduct regular review on existingdatascience initiatives and identify ways to develop integrateddatascience solutions across functions.,https://sg.indeed.com/rc/clk?jk=d0e1864bb583f56f&bb=8OV05URFWl3biv-K-iCphSubxrWnI3KGdzjnTdOaKewqv6BP1vYkgNcKKbLBuTkOsF5bsswLD-dnWSodtT6VMLuKOD3LDqAF12tZnjfmirvbI8bN9v2hnqlLOC7RToIu&xkcb=SoDS67M3198VNwAZDz0NbzkdCdPP&fccid=9ec09d4e50678aa9&vjs=3,Not specified,d0e1864bb583f56f
"Data Analyst, Logistics & Distribution",SATS,Singapore 117612,N/A,"Experience indataanalytics within a supply chain function is highly valued.Dashboards building, testing and release following the SATS Corporate guidelines…",https://sg.indeed.com/rc/clk?jk=bdeeee70849cfb67&bb=8OV05URFWl3biv-K-iCphbEWjTynBtksMFeTop17OCHrRB53_BCmG-XvP9tK6adArfzkmyjCPN421F5-ZJN-KFL8B2cegc8fnHi__5-nSW18V_Wv2yiyKsbH11L_TTej&xkcb=SoBm67M3198VNwAZDz0MbzkdCdPP&fccid=86dd490bef83df85&vjs=3,Not specified,bdeeee70849cfb67
"AIML - Data Operations Annotation Analyst, Vietnamese (12 months contract)",Apple,Singapore,N/A,"As an AnnotationAnalyst, you'll annotatedatawhich can be both audio and visual and evaluatedatafrom customers who have opted in to the grading program.",https://sg.indeed.com/rc/clk?jk=0d684e17a681f5de&bb=8OV05URFWl3biv-K-iCphUwgZI0qcaMrvDcU01RBxOqgCe4tqtG5RWkw8vri1nrfW_ZDy_vyrN0bjNoOLZtVs25UFGhE2wbBb5SFt7_2VeY_u0njcdN8vA%3D%3D&xkcb=SoCP67M3198VNwAZDz0DbzkdCdPP&fccid=c1099851e9794854&vjs=3,Not specified,0d684e17a681f5de
Hardware Support & Data Analyst Intern,Razer (Asia-Pacific) Pte. Ltd,Singapore 138538,N/A,Use JQL or SQL & PowerBI fordataanalysis &datareporting to provide overview of trending issues to internal stakeholders.Experience with JQL or SQL.,https://sg.indeed.com/rc/clk?jk=a43439502afb4178&bb=8OV05URFWl3biv-K-iCphXhg0kshWkItVvFgNFuCfbRIzB0SetXfP-mHwauE90rHnS2YhK3BMkZtHgY5gHsJVVBdTboguhWRjg1ngC-PBCcg2wVjSn5uxsl1s7LDBV4J&xkcb=SoA767M3198VNwAZDz0CbzkdCdPP&fccid=5ab77828f52b7100&vjs=3,Not specified,a43439502afb4178
Data Analytics Intern,Zurich Insurance,Singapore,N/A,"Experience in managing structured and unstructureddata, including free text, images, webdataand more.Pastdatascience project delivered is a plus.",https://sg.indeed.com/rc/clk?jk=980afc4581f66dc2&bb=8OV05URFWl3biv-K-iCphdDcyXtjA_Pk7bQAL2GNs4jpBqw7CTnN7yuYWDf6f0PeKCXWK1_aJkUccZOLThN5SFPQvx1JANg27CQD5tcctZ9yvHfPk5KKMHX8p5UzZ3fq&xkcb=SoCm67M3198VNwAZDz0BbzkdCdPP&fccid=40f6e1ba1aac8472&vjs=3,Not specified,980afc4581f66dc2
"Data Analyst Intern, Regional BI & Planning (Summer 2025)",Shopee,Singapore,N/A,"Experience indataanalysis anddatacollection required.Collaborate withdataengineers, product managers, and operation teams to provide statistics or…",https://sg.indeed.com/rc/clk?jk=139efa21422d338e&bb=8OV05URFWl3biv-K-iCphf0_anoyuBVkPQbCq6stah983rb40yjbMg1Z6vTG3cWzM2Tb0P--2g3y0XqizCIYK3uubWECmQBK_8gZ21T4KSPsRAXQucHVDvwKnQ9IU9nc&xkcb=SoAS67M3198VNwAZDz0AbzkdCdPP&fccid=0b476c4a7add47fe&vjs=3,Not specified,139efa21422d338e
"Analyst, Market Risk Analytics","MUFG Bank, Ltd., Singapore Office",Singapore,N/A,TheAnalystrole within the market risk management department (Market risk analytics team) will be in charge of performing market risk/counterparty credit risk…,https://sg.indeed.com/rc/clk?jk=1ee7540ed936d5ba&bb=8OV05URFWl3biv-K-iCphRe14dFfFmW-8P_NPCciJU6GnIicWttpcWrVdfVEOwqPXMFE4m6WaNZ0lOr5HfJDbxMh8v9oUGHW7FGB9YGf4SYRDp7YzjCT6hCdO5xL9FMi&xkcb=SoCc67M3198VNwAZDz0HbzkdCdPP&fccid=dd616958bd9ddc12&vjs=3,Not specified,1ee7540ed936d5ba
Business Analyst,Pizza Hut Digital & Technology,Hybrid work in Singapore 229835,N/A,"Analyze and interpretdatato provide insights to support requirement gathering using GA, Fullstory,DataAI and other analytics tools in the suite.",https://sg.indeed.com/rc/clk?jk=dc7f7812db9df50f&bb=8OV05URFWl3biv-K-iCphUlLyZmS3jMPvcvwjh1A8zuSzg0ich10ask8MR9qK-MTi7HsDrgQIl7J7nCRuAzgMiubHyRPCPcC2rhHZfNKZlPNKkftQ55M1CTxkp2MOW6N&xkcb=SoAo67M3198VNwAZDz0GbzkdCdPP&fccid=1f00da7f5e9f46fa&vjs=3,Not specified,dc7f7812db9df50f
Senior Data Analyst,Padlet,Singapore,N/A,Whatever else a gooddataanalystdoes.Track record of improving products with data.We haven't looked atdatamuch and it hasn't traditionally been part of…,https://sg.indeed.com/rc/clk?jk=17651e167d1857e2&bb=8OV05URFWl3biv-K-iCphWGU-zjFFH290DCY2l54P9mn8RUG3YmFK1mnTS07fQbg1sR5Jwx_Cx5SSzlNdfkpyrFrMQ8RuXiz13evBEUJwK9qSOJVX2WHDak_12yu_AS3&xkcb=SoC167M3198VNwAZDz0FbzkdCdPP&fccid=e097619f206e4fc3&vjs=3,Not specified,17651e167d1857e2
Data Management & Coordination Analyst,Dow Jones,Singapore,N/A,Managingdatasubscriptions for critical data.Experience with spreadsheets and commoditydataanalysis.Loading thedataonto the publishing platform.,https://sg.indeed.com/rc/clk?jk=303902ee7b16a104&bb=yzO12NQC14oR9yeCXNYl-gKI7wsX9oVeM5BRcMxpqcwOMjH7PoxSrXaW7FUVEoilA9H3-5zydDkWhACxGmCs3uCFEeFsYupClW7dMXy8LBIt4qNbUwrC5A%3D%3D&xkcb=SoBM67M3198uSYzHYR0LbzkdCdPP&fccid=d2621f51dde471d3&vjs=3,Not specified,303902ee7b16a104
"Intern, Business Analyst",Johnson Controls,Singapore,N/A,"Collecting and analyzingdatausing statistical/data management techniques and applications.Bachelor’s degree in business, engineering, ordatascience &…",https://sg.indeed.com/rc/clk?jk=20771941fdc6583f&bb=yzO12NQC14oR9yeCXNYl-jAjW1RhwuOJEX5i5a7rZ8iDDIwryFpxYAEXNUyGapDQmLpKP1qT2q4P-IQMrNPChF-whMFQiABksqOpuAJpZL8T5dWjnDsI0A%3D%3D&xkcb=SoD467M3198uSYzHYR0KbzkdCdPP&fccid=dacddaa4d49537d8&vjs=3,Not specified,20771941fdc6583f
Business Analyst,Shopee,Singapore,N/A,"Prior experiences in a data-driven role, internship or full-time.Strong analytical and problem-solving skills with proficiency in Python and SQL for data…",https://sg.indeed.com/rc/clk?jk=77163b4460d7c3a2&bb=yzO12NQC14oR9yeCXNYl-qFr9mKIvvXhoTScb3V-eDy1krUzG7ffp4o-v-6adP9bAthdnYkvTjoveAHXysrYuKlOxX7SC71X6OXl0S6HULQf-I01XunLA7b-aop2dLjx&xkcb=SoBl67M3198uSYzHYR0JbzkdCdPP&fccid=0b476c4a7add47fe&vjs=3,Not specified,77163b4460d7c3a2
Hardware Support & Data Analyst Intern,Razer (Asia-Pacific) Pte. Ltd,Singapore 138538,N/A,Use JQL or SQL & PowerBI fordataanalysis &datareporting to provide overview of trending issues to internal stakeholders.Experience with JQL or SQL.,https://sg.indeed.com/rc/clk?jk=a43439502afb4178&bb=yzO12NQC14oR9yeCXNYl-mTgAe5i-13JuPcigNarVRGvbKFrkTJP55NmpJ2vmo3pudf_5-ftFrPvfT4MxT2MJz_3EZyIHPksvDpr4XHiveBeku6Gncqxix8otvriV8Rc&xkcb=SoDR67M3198uSYzHYR0IbzkdCdPP&fccid=5ab77828f52b7100&vjs=3,Not specified,a43439502afb4178
System Analyst,Unison Consulting Pte Ltd,Singapore,N/A,Performdataanalysis to support business decision-making and reporting.Ensuredataintegrity and accuracy across systems and applications.,https://sg.indeed.com/rc/clk?jk=c2fd953abdc30fbe&bb=yzO12NQC14oR9yeCXNYl-p0uQ0UnISt7buMMGsuP9-328-UZW8Nlw7RR96wPBzEwqXVfemdVkyyHHqb026675M-a19swkZyB7GaX14BZWmU8zjkI7mNvnb9S4dRsIYtd&xkcb=SoBf67M3198uSYzHYR0PbzkdCdPP&fccid=481b569355c1f617&vjs=3,Not specified,c2fd953abdc30fbe
"Data Analyst Intern, Regional BI & Planning (Summer 2025)",Shopee,Singapore,N/A,"Experience indataanalysis anddatacollection required.Collaborate withdataengineers, product managers, and operation teams to provide statistics or…",https://sg.indeed.com/rc/clk?jk=139efa21422d338e&bb=yzO12NQC14oR9yeCXNYl-lWvFO4aAwpu5wu1R7xF3mH1ze09Q9Q7LiGc-BoCLaof46YtVxdnW9XChpl2yV_lHtYQUADgQSD-S-paSCcakJMMYVlXtpM6ZHJq2nq_An28&xkcb=SoDr67M3198uSYzHYR0ObzkdCdPP&fccid=0b476c4a7add47fe&vjs=3,Not specified,139efa21422d338e
TikTok Shop - Senior Data Analyst(Product Analyst),TikTok,Singapore,N/A,"Leveragedataanalysis expertise to designdatasolutions to solve commerce product problems such as supply growth, seller growth and marketplace efficiency etc…",https://sg.indeed.com/rc/clk?jk=73d547334c503c86&bb=yzO12NQC14oR9yeCXNYl-mX_GrpANOI2CoGe72yGRyN75wZ98hJYGLcTiv-HtnvOa4G5U4ohGiBUzaZDvi0Ogm2g6y3w028fnyuH8IWQUx_JRPjm0cGvqCB4rplRH8RW&xkcb=SoB267M3198uSYzHYR0NbzkdCdPP&fccid=caed318a9335aac0&vjs=3,Not specified,73d547334c503c86
Data Analyst Intern,DNDTS Pte Ltd,Singapore,N/A,"Utilize ourdataanalytics and visualization tools to examinedata, communicate findings about key business aspects such as sales, revenue, costs, and…",https://sg.indeed.com/rc/clk?jk=8b21a58819fdc92f&bb=yzO12NQC14oR9yeCXNYl-ssX4NZBaSqcdUbXebxY9kw-t4iFa-gkX3E4vMFQ_8VDa-ylZ95OrQn-vwpa_DQCi2d85SXCWLnRSnsBJOPnjt0SIXDxGz7o7PIRuoU1Jvz-&xkcb=SoDC67M3198uSYzHYR0MbzkdCdPP&fccid=327f7a311ec2a8c9&vjs=3,Not specified,8b21a58819fdc92f
Data Analyst Intern I 6 MONTHS I JUN- DEC 2025,Decathlon Singapore,Hybrid work in Kallang,N/A,Applydataanalytics to the sports & retail industry.Assist different business units withdataqueries with SQL.Design automated tools and dashboards.,https://sg.indeed.com/rc/clk?jk=2967390bfbae19aa&bb=yzO12NQC14oR9yeCXNYl-ry2v3jUxNUIbydn702TCw7RcK8dqszQ0BrSeIGc9vKjX-L9wJqbd7MAyYvlJEHopa8KfH8GwBqe95iFvVV1woJNcEZmQ9jt7XzINxb9wAJo&xkcb=SoAr67M3198uSYzHYR0DbzkdCdPP&fccid=c26cf8942059defd&vjs=3,Not specified,2967390bfbae19aa
Customer Intelligence Analyst (Japan Market),Procter & Gamble,Singapore 138588,N/A,Analyzing of customer orderdatato recommend differentiated solutions/service opportunities that contributes to organization’s value creation targets.,https://sg.indeed.com/rc/clk?jk=9333309c93568a7a&bb=yzO12NQC14oR9yeCXNYl-nS4XMNnzmyB-RUh-PtnEFjMaWsp5LCCO3az7cABeDbv-GMZ4UoU7JBePG4wxyfWMGOqpJEUthFaLNC3_WRtuS3x_SQITC6qWA%3D%3D&xkcb=SoCf67M3198uSYzHYR0CbzkdCdPP&fccid=2da0dedf6df97194&vjs=3,Not specified,9333309c93568a7a
Business/System Analyst,Unison Consulting Pte Ltd,Singapore,N/A,Some BA skills. in short some developer moved as BA or Systemanalystwith any of the above skills.For BA - look for pure BA withdataanalytics or ERP or…,https://sg.indeed.com/rc/clk?jk=d0ebbc2e060564a0&bb=yzO12NQC14oR9yeCXNYl-kYuk6k5K-Sp04gsBzduC8vtBenNyfkcfqFtzUeQ1blTqJe4RwAgnX5Hukb5mKzcMNH7ffL8dimgoKexyZMgLxQU5Ia9_e8_weYLUmg9vWuH&xkcb=SoAC67M3198uSYzHYR0BbzkdCdPP&fccid=481b569355c1f617&vjs=3,Not specified,d0ebbc2e060564a0
"Data Analyst, Information Analytics Services (1 Year Contract)",Tan Tock Seng Hospital,Singapore,N/A,Conduct regular review on existingdatascience initiatives and identify ways to develop integrateddatascience solutions across functions.,https://sg.indeed.com/rc/clk?jk=d0e1864bb583f56f&bb=yzO12NQC14oR9yeCXNYl-vERJWZplf20JhCd4SrknojAiH4C4j875SGPHNI-6pWcE82xRiondLME0FWUT6WRNwJ1StS-kVnb8Ujkhq_gPulFszu9o02wVU9FrcfGIb-r&xkcb=SoC267M3198uSYzHYR0AbzkdCdPP&fccid=9ec09d4e50678aa9&vjs=3,Not specified,d0e1864bb583f56f
Business Analyst,Anacle Systems Pte Ltd,Singapore 138633,N/A,"Review customerdataand assist indatacleansing, preparation for migration, and post-migration validation.Play the role of functional consultant and project…",https://sg.indeed.com/rc/clk?jk=f71755f2dd91e875&bb=yzO12NQC14oR9yeCXNYl-inJUl66OslzMi_A-O_HqwVPoCwzOhGPMD2_5Rz5EzczX2peAbGaJVkp8ybEMFYRFrgo8KKwkrlhLWlkilOWfnbZSUHq244yS5kBZf-XczYK&xkcb=SoA467M3198uSYzHYR0HbzkdCdPP&fccid=10dbc1ff8771544a&vjs=3,Not specified,f71755f2dd91e875
Data Analyst - AI Innovation Business,ByteDance,Singapore,N/A,"Improvedataconstruction, observedatachanges, and propose solutions to assist in user experience improvement.AI-related experience or interest.",https://sg.indeed.com/rc/clk?jk=06aa8300f316a25a&bb=yzO12NQC14oR9yeCXNYl-tG_DqyTmGdiN3CyVDRzbzwwaTtlKb8oEXUpIknaA9CIVkh0zBlZhQ8mfebwpKKzgeSCpyQnD-BBAtcxunKyRfaa2if134rUqDAiUV5pBZmi&xkcb=SoCM67M3198uSYzHYR0GbzkdCdPP&fccid=74fbc768a4e5bece&vjs=3,Not specified,06aa8300f316a25a
"Intern, Product Management (Data Analyst)",CapitaLand,Central Singapore,N/A,Assist indataanalysis efforts to uncover insights and trends.Usedatato uncover opportunities for app improvement and optimization.,https://sg.indeed.com/rc/clk?jk=e1e6406a3b7fcae3&bb=yzO12NQC14oR9yeCXNYl-mX_GrpANOI20VMW9HG3PZFub5JmRE3UwWyJjCA-xKxFRiYv6C97N5nCIhtxMlCLCQhIEz4GnD6zU0J7K8KNi_SwQEsXA9RCq4UkPB3h2y30&xkcb=SoAR67M3198uSYzHYR0FbzkdCdPP&fccid=2ff585682e0825cf&vjs=3,Not specified,e1e6406a3b7fcae3
Senior Data Analyst,Padlet,Singapore,N/A,Whatever else a gooddataanalystdoes.Track record of improving products with data.We haven't looked atdatamuch and it hasn't traditionally been part of…,https://sg.indeed.com/rc/clk?jk=17651e167d1857e2&bb=2c2dZcTQLx2hxrmA_OwpNHfD8lszId_79Wtq6anHyAlLXrQC5Wt-BDTNYe7MOn-IJiPCiKIgMW4B89_IGeEEDLFkatwmmeZgN0WlZRVEFr9OBbcxK51T05e2WRtY8i9E&xkcb=SoBJ67M3198mHnAZD70LbzkdCdPP&fccid=e097619f206e4fc3&vjs=3,Not specified,17651e167d1857e2
Senior Data Insights Analyst / Data Insights Analyst,PSA Singapore,Singapore 117352,N/A,"O Ensuredataintegrity, quality, and accessibility withdatamanagement teams.Statistical methods anddatavisualization to identify trends and anomalies.",https://sg.indeed.com/rc/clk?jk=5e7c1cd1a203e5f9&bb=2c2dZcTQLx2hxrmA_OwpNFQj9Jmhp3nrASl7W7M34b_S0jTyaFdpU2Zo1LyeBgxjh8w_8Wi8KYZK3PUubHRzk5WwwtXzPPwhPhGDBV7SgJ-tR-qZkPkfM5LRRxAtHcCV&xkcb=SoD967M3198mHnAZD70KbzkdCdPP&fccid=d9e60d33eab8cd05&vjs=3,Not specified,5e7c1cd1a203e5f9
Data Analytics Intern,Zurich Insurance,Singapore,N/A,"Experience in managing structured and unstructureddata, including free text, images, webdataand more.Pastdatascience project delivered is a plus.",https://sg.indeed.com/rc/clk?jk=980afc4581f66dc2&bb=2c2dZcTQLx2hxrmA_OwpNO1dhKyourh2Fzv9dc9NC1fvI2Pr6OR0BMVXZgZN-0zRrOy7QMBdFFNMLc7c4Ub8TGR1CSk_j0Qzr4Y-EK-5aC0nD1FTSjNt0cNMhzHIgxNx&xkcb=SoBg67M3198mHnAZD70JbzkdCdPP&fccid=40f6e1ba1aac8472&vjs=3,Not specified,980afc4581f66dc2
Quant Analyst,Mathrix,Singapore,N/A,You spend a lot of time writing code and creating systems that can handle complexdataand complex processes.The types of projects you will be working on range…,https://sg.indeed.com/rc/clk?jk=43bced148e3883dc&bb=2c2dZcTQLx2hxrmA_OwpNHObe7RHDGPLagkVHU0jwA3XFt1KWXJyNib3xXOjiPbOgvQ3-clb1wBo6ZYfLWSMGZ5wuA_hR44UK9LJAg_hZKcuoOYLVziUZ3EHjfmlg5WG&xkcb=SoDU67M3198mHnAZD70IbzkdCdPP&fccid=9d873c6389f5ddb8&vjs=3,Not specified,43bced148e3883dc
Senior Data Analyst,foodpanda,Singapore 069542,N/A,Data Quality & Tracking: Monitoringdataquality and participating in QA processes to ensure consistency across all reporting metrics.,https://sg.indeed.com/rc/clk?jk=c510e241616b1ee2&bb=2c2dZcTQLx2hxrmA_OwpNAqZecuEufmZUCCIjuBQ49YJerKJ4ARIavd98dTfP5U6dIBsmTBXe6ndGWv0RKzNzCKGo06rqgXR1ci51UsrCwevV1VY0RO6CsfRIgMSvTaO&xkcb=SoBa67M3198mHnAZD70PbzkdCdPP&fccid=3228946bc134183e&vjs=3,Not specified,c510e241616b1ee2
"JAPAC Business Operations Analyst, Retail Customer Care",Apple,Singapore,N/A,"Operate as a keydatastrategist to identify and integrate new datasets generated from new processes, and work closely with cross-functional teams to design and…",https://sg.indeed.com/rc/clk?jk=e61a863c995350bb&bb=2c2dZcTQLx2hxrmA_OwpNL-mylzDWzxebW_HDo3s00kcGvA7YacsRmhptFYFbMwM6SyJSUSGwVUMEhP2l9g_ewe1k23cgyf4g1gI0yc6QtPTaOZYioHJHQ%3D%3D&xkcb=SoDu67M3198mHnAZD70ObzkdCdPP&fccid=c1099851e9794854&vjs=3,Not specified,e61a863c995350bb
Customer Intelligence Analyst (Japan Market),Procter & Gamble,Singapore 138588,N/A,Analyzing of customer orderdatato recommend differentiated solutions/service opportunities that contributes to organization’s value creation targets.,https://sg.indeed.com/rc/clk?jk=9333309c93568a7a&bb=2c2dZcTQLx2hxrmA_OwpNKJoVNEUTv3TvN1Wr9uDQs6Lm9p6FS4n--B98SqCC8g3m7jMtK9LjNfiuY_EO-jPCxXNN0n2ncGWJqO2aw60B8nclqQBBMLfdg%3D%3D&xkcb=SoBz67M3198mHnAZD70NbzkdCdPP&fccid=2da0dedf6df97194&vjs=3,Not specified,9333309c93568a7a
Data Analyst Intern I 6 MONTHS I JUN- DEC 2025,Decathlon Singapore,Hybrid work in Kallang,N/A,Applydataanalytics to the sports & retail industry.Assist different business units withdataqueries with SQL.Design automated tools and dashboards.,https://sg.indeed.com/rc/clk?jk=2967390bfbae19aa&bb=2c2dZcTQLx2hxrmA_OwpNGltvcXLMVz_DYPh-zEJQ1GUyhZyDPmsAn36I_SHEoRGrrtE6QML7n_E_AxFtk3WwsGzXmfW8pdFF6tLFgyg4Fr0JPqtXG9CnyAtiNRsnzLs&xkcb=SoDH67M3198mHnAZD70MbzkdCdPP&fccid=c26cf8942059defd&vjs=3,Not specified,2967390bfbae19aa
"Analyst, Market Risk Analytics","MUFG Bank, Ltd., Singapore Office",Singapore,N/A,TheAnalystrole within the market risk management department (Market risk analytics team) will be in charge of performing market risk/counterparty credit risk…,https://sg.indeed.com/rc/clk?jk=1ee7540ed936d5ba&bb=2c2dZcTQLx2hxrmA_OwpNPLKV85kaB9XZuivRXEZtUvsirNcntfQGqFAnEs_aIh6ghK1WL2YEiBx69Wf6OGWaayj7z9UpyIS2wnr3sjNi3cJhCbvnEGGqHLX6dr3a9Xz&xkcb=SoAu67M3198mHnAZD70DbzkdCdPP&fccid=dd616958bd9ddc12&vjs=3,Not specified,1ee7540ed936d5ba
Business Analyst (PMO) - Data Analysis,ABeam Consulting (Singapore),Singapore,N/A,"At least 1 year ofdataanalysis experience.Lead and manage the overall project, including coordinating team members and stakeholders.",https://sg.indeed.com/rc/clk?jk=5da039c66a84fea1&bb=2c2dZcTQLx2hxrmA_OwpNCifl8tewycBPMgblUQptQ3qMyeHgVnDa_CpiWk103jpHdUDHwMGWmG4bNSxG43PSMLSNv9ePl7MN5uVGDHa8HqDrve_yO9j35hDLLIAVy5Y&xkcb=SoCa67M3198mHnAZD70CbzkdCdPP&fccid=d212b22bb33211dc&vjs=3,Not specified,5da039c66a84fea1
Marketing Science Analyst,Analytic Partners,Hybrid work in Singapore,N/A,"Experience working independently on analytical tasks, building, and optimizing ‘big data’datapipelines, architectures, anddatasets.",https://sg.indeed.com/rc/clk?jk=0c4c5cfa64bb173f&bb=2c2dZcTQLx2hxrmA_OwpNDqQJTD6MqQuBpG9q4lppAMnaz5qhBBAMc3ybz9akuMZ5Bjr0Cnv7_UsMnMEFIhOzvAIaHyNs3Iz3BFS8Uo797hauY0Ptp_vrUPtcGGEN3tX&xkcb=SoAH67M3198mHnAZD70BbzkdCdPP&fccid=4d17dd64ea6355de&vjs=3,Not specified,0c4c5cfa64bb173f
Business Analyst,Rapsys Technologies,Marina Boulevard,"$8,000 - $14,000 a month","Strongdataanalysis skills using SQL, MicroStrategy or Tableau preferable.Conduct research to see what\'s new and trending in the digital /dataspace…",https://sg.indeed.com/rc/clk?jk=83c5b26075ce9b13&bb=2c2dZcTQLx2hxrmA_OwpNLHmMexkErb7JzpDNV5Ubcy0y678j4Z3Xb3aFBJyf3SsOEefPnicE67lj8q1arwylKZGqFs0WaPAhhgCEMHJJXMDpmxf6BfoDGV5L6Hc07I8&xkcb=SoCz67M3198mHnAZD70AbzkdCdPP&fccid=2ee7e763025b1d5d&cmp=Rapsys-Technologies-Pte.-Ltd&ti=Business+Analyst&vjs=3,Not specified,83c5b26075ce9b13
"Intern, Product Management (Data Analyst)",CapitaLand,Central Singapore,N/A,Assist indataanalysis efforts to uncover insights and trends.Usedatato uncover opportunities for app improvement and optimization.,https://sg.indeed.com/rc/clk?jk=e1e6406a3b7fcae3&bb=2c2dZcTQLx2hxrmA_OwpNG42atXtSYspCD8NIkhht-WJk8DBxeCiRikhjn836waUs466y77CPqhuadrWyiyOOMdMQQJG1Y7N_qt5IYRqz_gMRjHbQ16NEqJVMDbmX4QN&xkcb=SoA967M3198mHnAZD70HbzkdCdPP&fccid=2ff585682e0825cf&vjs=3,Not specified,e1e6406a3b7fcae3
"Associate, Data Analytics",Singtel,Singapore 239732,N/A,"Build and maintaindataqueries as well asdatapipelines through tools such as SQL.Translate customer pain-points into problem statements, develop analytics…",https://sg.indeed.com/rc/clk?jk=4e98a574ad5645f9&bb=2c2dZcTQLx2hxrmA_OwpNLtd6VdU4Dw5GDQmXCf0Dk42to_zUxq9drNfL06bN-jFMyQRgXHdt2tgn4CDuYcbbR-ZEldMCC8t42LnId1YmMdM4ghxDXs0AvND6C0oHJil&xkcb=SoCJ67M3198mHnAZD70GbzkdCdPP&fccid=a94c6bb50f118c9f&vjs=3,Not specified,4e98a574ad5645f9
Data Analyst - AI Innovation Business,ByteDance,Singapore,N/A,"Improvedataconstruction, observedatachanges, and propose solutions to assist in user experience improvement.AI-related experience or interest.",https://sg.indeed.com/rc/clk?jk=06aa8300f316a25a&bb=2c2dZcTQLx2hxrmA_OwpNOUFpUo9uHlL6zFOhzCjYK1tgBDSAiP4AIRMpXjctYH7IR9M600HuAhL07JGOeRzzmD_dMoRb_gHXAVnblpnBje_cDRPY7_KNJGr4WM34SKv&xkcb=SoAU67M3198mHnAZD70FbzkdCdPP&fccid=74fbc768a4e5bece&vjs=3,Not specified,06aa8300f316a25a
"Business Analyst, Data Operation and Management",Crypto.com,Hybrid work in Singapore,N/A,"Maintain comprehensive documentation ofdatasources, processes, anddatalineage.Ensuredataaccuracy and completeness by implementing validation checks and…",https://sg.indeed.com/rc/clk?jk=ea86878918fccd09&bb=720HhB4p78_fG6kPzaGUJCLYFIA5Na0Obus6XylSKTfXJ-B3MCPkacEpTi9p-BwxZLaZfNOfYioL1nzQDy08_urd0BCvTdJMVlc8whb2FL5GHWX3cYywHpvs4OUSVr-N&xkcb=SoDN67M3198-iNzHYR0LbzkdCdPP&fccid=18bfd14af40ab66a&vjs=3,Not specified,ea86878918fccd09
"Internship: Data Analytics, Partnerships, and Strategic Business Development",Circles.Life,Singapore,N/A,"Turndatainto action plans, and go razor sharp on execution.Unleash your inner genius by collecting, analyzing, and decipheringdatalike a pro.",https://sg.indeed.com/rc/clk?jk=559f5d80b7811ff2&bb=720HhB4p78_fG6kPzaGUJDzrfW232XgZf9-FiUpw9wrOGnXllwqICu-mTf5WqPIlLc5-QoNPVadRMpfEBvJEgMJlZ9ASBc6NzUwgmcXpPkkDp5Xfs9uvUUNmAHGBwPef&xkcb=SoB567M3198-iNzHYR0KbzkdCdPP&fccid=20c116c00b6cc7c4&vjs=3,Not specified,559f5d80b7811ff2
LLM Global Data - LLM Performance Operation Analyst (Non-safety),ByteDance,Singapore,N/A,Gain first-hand experience in understanding how to measure and analyze performance of LLM on various dimensions.,https://sg.indeed.com/rc/clk?jk=7042c0b741fd9192&bb=720HhB4p78_fG6kPzaGUJKGeFoHcjWMqPVf0O3h8-SpjVpVt9A-QFnSHjusoWQu3mSWppr6SIB7Pn0l2pO-jWZ7vhtI-q3k8cXh7EbTVpbxio3I3v8qHAD8HY8BGo9J2&xkcb=SoDk67M3198-iNzHYR0JbzkdCdPP&fccid=74fbc768a4e5bece&vjs=3,Not specified,7042c0b741fd9192
Quantitative Researcher,WorldQuant,Singapore,N/A,The person must have a strong understanding of the investment research process to create computer-based models that seek to predict movements of global…,https://sg.indeed.com/rc/clk?jk=46bdf088a9789998&bb=720HhB4p78_fG6kPzaGUJAzN8RzCRwLWfRqUOcQ2GLgrRbbsHvxuh4HI3W7vwd5Zr1-JmROdnqIm-FYdDEIiisqRFKOpqZVEejK2SqR5CRgkefM0RfOVoHlbpEdgY_fe&xkcb=SoBQ67M3198-iNzHYR0IbzkdCdPP&fccid=08487f979320ebae&vjs=3,Not specified,46bdf088a9789998
Lead Data Analyst,Ubisoft,Singapore,N/A,Ability to translate complexdatainto clear insights for diverse audiences.Data Strategy: Develop and implementdataanalysis strategies to support game…,https://sg.indeed.com/rc/clk?jk=ebd9fc9535933574&bb=720HhB4p78_fG6kPzaGUJKgVeslRRXhlC6qMcNI5SZLGjel4uCUW_eDAsg7lwuDOEFWMfiCfaPG-tgA5O-gKu26BH7LKGa2Zf-_eWqkT0EZAFDY8Ylgnpw%3D%3D&xkcb=SoDe67M3198-iNzHYR0PbzkdCdPP&fccid=237908de095b6446&vjs=3,Not specified,ebd9fc9535933574
Junior Risk Analyst,RWE Supply & Trading,Singapore,N/A,"RWE Supply & Trading Asia-Pacific Pte.To start as soon as possible, full time, permanent.You will also have daily contact with Risk colleagues in Europe.",https://sg.indeed.com/rc/clk?jk=4fe7ce797b1cbd09&bb=720HhB4p78_fG6kPzaGUJDX7lLpCiUekJ7o6nuw2NMr1_kl09JwM9PfmodMHJhl_mcSWbXg06tVStI3tmIZS3L_2jckPykCxDBYdXFg9cOyKAxi34RpqfMlbdjFey_f8&xkcb=SoBq67M3198-iNzHYR0ObzkdCdPP&fccid=169d4d0de76b0575&vjs=3,Not specified,4fe7ce797b1cbd09
System Analyst,John Foord,Singapore 068898,N/A,Familiarity with Jet Report for financial and operationaldataextraction.Ability to analyse complexdatasets and extract actionable insights.,https://sg.indeed.com/rc/clk?jk=7a2cb8a3b8a74f14&bb=720HhB4p78_fG6kPzaGUJOnBsdEbtY8l6D9JlbQLIkDJk0Aabj84CVDfRXdrEouiXDf-PR-b2HzjRCjPl_4EMursX04JXw3CnMQ0jidGOQodWSKRS5i_jPaMlzWy8jxv&xkcb=SoD367M3198-iNzHYR0NbzkdCdPP&fccid=44c2916d543ef3f2&vjs=3,Not specified,7a2cb8a3b8a74f14
Business Analyst,Rapsys Technologies,Marina Boulevard,"$8,000 - $14,000 a month","Strongdataanalysis skills using SQL, MicroStrategy or Tableau preferable.Conduct research to see what\'s new and trending in the digital /dataspace…",https://sg.indeed.com/rc/clk?jk=83c5b26075ce9b13&bb=720HhB4p78_fG6kPzaGUJBzXUj7i8yarUqpvdGt9Js6_8RpRDsaUtMKjWoSB26zhX2jAwBVo2dFdZAbV-koCcLRzCK9-lbF3_EIxMJ466OeaeNaNlIVNzuaqSygCiS0f&xkcb=SoBD67M3198-iNzHYR0MbzkdCdPP&fccid=2ee7e763025b1d5d&cmp=Rapsys-Technologies-Pte.-Ltd&ti=Business+Analyst&vjs=3,Not specified,83c5b26075ce9b13
"Intern, Data Analytics",CapitaLand,Central Singapore,N/A,"Collaborate withdataengineers, businesses, and operation teams to provide statistics or businessdatathat can help to drive business insights.",https://sg.indeed.com/rc/clk?jk=9bf376cbccdceaae&bb=720HhB4p78_fG6kPzaGUJGb6yVaYFSAYIBGDYtPl8uVpTPduQJQw-exTjX1AmjoZwxpsBYJvzTo3XZc6RPbxMoohM6oglVT70wO62HB9u4ZdmsSOi0xBFhbrlK1E338N&xkcb=SoCq67M3198-iNzHYR0DbzkdCdPP&fccid=2ff585682e0825cf&vjs=3,Not specified,9bf376cbccdceaae
Reference Data Services Intmd Analyst - Client Onboarding (Singapore),Citi,Singapore,N/A,Applies professional judgment when interpretingdataand results.Applies analytical thinking and knowledge ofdataanalysis tools and methodologies.,https://sg.indeed.com/rc/clk?jk=ff334a19b097b870&bb=720HhB4p78_fG6kPzaGUJByuhK4XrndIx24JoFpi3dasu4u--3QOlm-cRJ9WvubQ492XXNfReU_nzXi8OrGF7y4dix7V9s971rVg3HEwarfXF1amB6nYxg%3D%3D&xkcb=SoAe67M3198-iNzHYR0CbzkdCdPP&fccid=5bcd1ef0a7f4fb99&vjs=3,Not specified,ff334a19b097b870
Trading Operations Analyst,Virtu Financial,Singapore,N/A,"Trading Operations Analysts not only become experts in the logistics and mechanics of trade clearance and settlement, but they also play a crucial role in the…",https://sg.indeed.com/rc/clk?jk=3fee5801eee6e68e&bb=720HhB4p78_fG6kPzaGUJG1hyrPpR6_jES4NM8GTeLZvyQAyMAb6iqODaGeG459eseLLNa3uwAxsCRcJqp8ZAtGQQfQ2qyJSMXJ4VQm9SHNLcY1yWs89nMdkyOLUHdyd&xkcb=SoCD67M3198-iNzHYR0BbzkdCdPP&fccid=c78741b7c879d1c9&vjs=3,Not specified,3fee5801eee6e68e
IT Analyst,WSH Experts Pte Ltd,Singapore,"$8,000 - $10,000 a month","Knowledge ofdataingestion or log management to troubleshoot incidents using a logdataanalysis tool such as Splunk, CloudWatch, etc.",https://sg.indeed.com/rc/clk?jk=1448b30ad5df6541&bb=720HhB4p78_fG6kPzaGUJMvkr_Ev3pxgk5T0mwXsq6K4sS9iwUKFTVBJtrvKGgTcPjaXYo94Xa1FrBBMHbge6zfMwsBMsChLoE_1OScqSwFYtyzlPETrIVP-GzuZICkA&xkcb=SoA367M3198-iNzHYR0AbzkdCdPP&fccid=f798939737978427&vjs=3,Not specified,1448b30ad5df6541
Business Analyst Associate (Internship),First Affiliation Management Group,Singapore 119960,"$3,000 - $5,000 a month","Assist with managing the company's social media profiles (including reaching out, replying messages and posting of content).",https://sg.indeed.com/rc/clk?jk=87da9cd10c50bb2a&bb=720HhB4p78_fG6kPzaGUJNime9-bMGruEoPIk_H-YJJMDqWJ7NUexnELgzbnonTPtTz1hWbAiaK7zfsRYaODCeaUATsSUz2WEgZmaLAW2aJLkhxADK5F99YuEJ3enr0R&xkcb=SoC567M3198-iNzHYR0HbzkdCdPP&fccid=926b9ef513eaa422&cmp=First-Alliance&ti=Business+Intern&vjs=3,Not specified,87da9cd10c50bb2a
Quantitative Research Analyst (Intern),First Plus,Singapore,N/A,Conduct thorough analysis of large datasets containing historical and real-time equity market data.Effectively communicate research findings and deliver…,https://sg.indeed.com/rc/clk?jk=a7cf3e041e0dcf24&bb=720HhB4p78_fG6kPzaGUJJVAQfnL1d2MjgRmya5bV5wSOaP-Lhr0SmajBsCVax97yCQPtLJVBJIejk-7B3kI10B0Di_0eA3hgxsFAfw9MtyCKpvPKh0A_eGx0WQG69CS&xkcb=SoAN67M3198-iNzHYR0GbzkdCdPP&fccid=c53eff996173f9f3&vjs=3,Not specified,a7cf3e041e0dcf24
"First VP, Data Analytics",United Overseas Bank Ltd,Singapore 048624,N/A,"Lead large scaledataprojects in corporate space to drive for business impact especially in AFC/AML space.Analyze, integrate and manage voluminous structure…",https://sg.indeed.com/rc/clk?jk=828a593e5045b7a2&bb=720HhB4p78_fG6kPzaGUJMvkr_Ev3pxgOqfZTMKwLjsG8EPgz52RqpJbPy76Wjtjri9_2ZYS5uX8GRStfNjYTdqVmRIuhVjWdQ_PlbwGS0cq0wM4_GX2_n7nUDsLnh3b&xkcb=SoCQ67M3198-iNzHYR0FbzkdCdPP&fccid=b1ace17c9d00764e&vjs=3,Not specified,828a593e5045b7a2
IT Business Analyst -CT-FNC 241023022 / 01,Xcellink Pte Ltd,Singapore,N/A,"Business Analytics: Analyzedatato improve operational efficiencies and decision making processes.Familiarity withdataanalysis tools and techniques (e.g.,…",https://sg.indeed.com/rc/clk?jk=ea548d68bafa5457&bb=ToDgoP69TD-7R12I-qlmrNO4fafc0bmRhVOOMkBNKMOih2GyNHbKNgfSXNKSe-4iBu_8_2UmAs7-uLq45rQwy67fGUO1CpiOULqOFWAHb-xv09aBEg2JhF4o3jMKf3nt&xkcb=SoCh67M31983g3gZD70LbzkdCdPP&fccid=4f8f841f0ba07e04&vjs=3,Not specified,ea548d68bafa5457
Quantitative Analyst,CompatibL,Singapore,N/A,"Strong applied math skills, the ability to work with data.Don’t miss this opportunity to gain valuable experience in a highly competitive and demanding field…",https://sg.indeed.com/rc/clk?jk=234727add354260e&bb=ToDgoP69TD-7R12I-qlmrA2OHmtVwyFjfff8wobZAtD_F4y3iPTs84q43laGz6BiWruawyRHuwsLmYIotliaPWZobN3DCFhwxarNhXL3Tx2vTtgpPAa5TI9JRBynwPdn&xkcb=SoAV67M31983g3gZD70KbzkdCdPP&fccid=5d09e18b27d928d1&vjs=3,Not specified,234727add354260e
"Intern, Business Analyst",Sembcorp Industries,Singapore,N/A,"Experience withdatatransformation,datavisualization,dataquerying, database management and modelling.Create and maintaindatapipelines to automate data…",https://sg.indeed.com/rc/clk?jk=322e6f442c60bacc&bb=ToDgoP69TD-7R12I-qlmrKnh3lZB87tRjrtZzkwN1K9zf7CB86M2nTZ_ub7_n0zHfxwDUYLuxFjUeoqkuesevWQewctKoDi1zhjFSurA8EMogkNd6DM-WZLzvtU-u3XH&xkcb=SoCI67M31983g3gZD70JbzkdCdPP&fccid=0da62580206b5c8f&vjs=3,Not specified,322e6f442c60bacc
Quantitative Research Analyst (Intern),First Plus,Singapore,N/A,Conduct thorough analysis of large datasets containing historical and real-time equity market data.Effectively communicate research findings and deliver…,https://sg.indeed.com/rc/clk?jk=a7cf3e041e0dcf24&bb=ToDgoP69TD-7R12I-qlmrAL8-t30OBTunPjwrO3XyA6skM9lPOJ3vArEGeijc9dS3uBA32x1PdlSlTiozUTf_-DlPgEv_nXPJR6h7twHk1ZZuePAm8j16P1I36LZN8AJ&xkcb=SoA867M31983g3gZD70IbzkdCdPP&fccid=c53eff996173f9f3&vjs=3,Not specified,a7cf3e041e0dcf24
Data Analyst - Search & Recommendation & Ads & Content,Shopee,Singapore,N/A,"Experience usingdataaccess tools, building dashboards and analyses with large datasets and multipledatasources.Good communication and teamwork skills.",https://sg.indeed.com/rc/clk?jk=003dcc55def5f04a&bb=ToDgoP69TD-7R12I-qlmrDbFgTmXJZ7vPKlG7oyXSsUmp99nIyrAdnC5scP-qodUOK8U8rI9YbwJaEx1Pbje7sQWIdHjxYxJzs09x_ePVl0mgp36Ry4odLOEVQUvnCfU&xkcb=SoCy67M31983g3gZD70PbzkdCdPP&fccid=0b476c4a7add47fe&vjs=3,Not specified,003dcc55def5f04a
LLM Global Data - LLM Performance Operation Analyst (Non-safety),ByteDance,Singapore,N/A,Gain first-hand experience in understanding how to measure and analyze performance of LLM on various dimensions.,https://sg.indeed.com/rc/clk?jk=7042c0b741fd9192&bb=ToDgoP69TD-7R12I-qlmrNqguD-KMkHjAZvBea9hBYwbow59-diI5OOiBRYtDOPha96-D9VdbvqJoS2scCTfg2EyxFPZsVYWm6K9gajYwlBUSQSGazzhScoE0uePjXDd&xkcb=SoAG67M31983g3gZD70ObzkdCdPP&fccid=74fbc768a4e5bece&vjs=3,Not specified,7042c0b741fd9192
Business Analyst,CIS,Singapore,N/A,"Conductdataanalysis to identify trends and provide actionable insights.Experience indataanalysis, reporting, and providing insights to support business…",https://sg.indeed.com/rc/clk?jk=e0262a3a5e07b889&bb=ToDgoP69TD-7R12I-qlmrOej7G3B-CytFHBE4_4YIE7vyGqxORtZiLDUwxR4-CSZ7ejG-AKTKOcMqu4UbZo3OqPSyNFa0QqV9_7QjW7n7CR3we6gHObWoAIKUZEtahWk&xkcb=SoCb67M31983g3gZD70NbzkdCdPP&fccid=97da2e000e9aab5f&vjs=3,Not specified,e0262a3a5e07b889
Senior Business Analyst,Workforce Optimizer Pte Ltd,Singapore,"$84,000 - $108,000 a year","Proficient indataanalysis and reporting tools, with experience in delivering insights to support business decisions.",https://sg.indeed.com/rc/clk?jk=09b7df522dca8c4a&bb=ToDgoP69TD-7R12I-qlmrOej7G3B-CytnSlpWG_QBq6H3jX3oJVUJZ7bkPWwdSiNTIHLWqQgjl_R-LQ3Z9PFp3d3Pj7RWdv-EtA5SpeQ8BAPX4TOLcVo9FOdTLLIDYQR&xkcb=SoAv67M31983g3gZD70MbzkdCdPP&fccid=001342229b065ab5&vjs=3,Not specified,09b7df522dca8c4a
"Data Scientist / Analyst (CRR, KYC, KYB)",Binance,Remote,N/A,"Proficiency in SQL fordataextraction and manipulation.Advanced knowledge of Python fordataanalysis, modeling, and automation.",https://sg.indeed.com/rc/clk?jk=8a3297b66c8d547e&bb=ToDgoP69TD-7R12I-qlmrL-72XiDg4NkhsDqD7tALk1_38kbxtjyLUFSncZuUJwPWSEDH4HegjL1ZRnXh75ayaNv0wOWP9EvY4nr6zs4UOL0EV4S80dR2LxZ7KazIteW&xkcb=SoDG67M31983g3gZD70DbzkdCdPP&fccid=ac2ee5578fa99fc9&vjs=3,Not specified,8a3297b66c8d547e
Business Analyst - EDI (AL-FRC241218 006/01),Xcellink Pte Ltd,Singapore,N/A,"Electronicdatainterchange system (EDI) is one of the critical applications of our client.The EDI back-end, containing the businessdataand the triggering or…",https://sg.indeed.com/rc/clk?jk=1d41bad1c528303a&bb=ToDgoP69TD-7R12I-qlmrMyBV77VnAdlYGZvxSTioN3NujBP5spqRxQocBFTiV2qUJaOw7vlPOCouf0BjJlB2RlgBLXDEoLw04I7NRtztyo1u3ITg32Mg83cIc1175af&xkcb=SoBy67M31983g3gZD70CbzkdCdPP&fccid=4f8f841f0ba07e04&vjs=3,Not specified,1d41bad1c528303a
IT Analyst,WSH Experts Pte Ltd,Singapore,"$9,000 - $10,000 a month","Knowledge ofdataingestion or log management to troubleshoot incidents using a logdataanalysis tool such as Splunk, CloudWatch, etc.",https://sg.indeed.com/rc/clk?jk=e38b847fbe4a68d7&bb=ToDgoP69TD-7R12I-qlmrPQKO6Ox14_X5qXjS7SBg77evKS6tlynyGMNrOhaACHE-S379ScS-yk49DfmIX5IknQpb1kkNivgrr-SlHLNbCWZkD5WLZHw_kBlDd6MEa5u&xkcb=SoDv67M31983g3gZD70BbzkdCdPP&fccid=f798939737978427&cmp=WSH-Experts-Pte-Ltd&ti=IT+Analyst&vjs=3,Not specified,e38b847fbe4a68d7
"Analyst/Associate, Sustainable Investment Strategy Analyst",GIC Investment,Singapore,N/A,The Office is responsible for (i) partnering with GIC’s investment teams to integrate sustainability-related considerations in the investment process through…,https://sg.indeed.com/rc/clk?jk=fedaffb70c1b87f8&bb=ToDgoP69TD-7R12I-qlmrGIIXS2OAe78Oeua7_cuzdheNuU2U9ZNxoiiApal1iQ_zDcCCmQaYrsyUHV8bR-HsjeSSonJGEpDitANccYt8LCdPPanY5RbPwnJoeK9KGp9&xkcb=SoBb67M31983g3gZD70AbzkdCdPP&fccid=a159cd1143efbe29&vjs=3,Not specified,fedaffb70c1b87f8
Business Analyst Intern (Jan 2025 - Jun 2025),Allianz Singapore,Hybrid work in Singapore 068897,N/A,"Business Process and IT System Analysis: Evaluate business processes and IT systems to identify technology needs and recommend operational improvements, by…",https://sg.indeed.com/rc/clk?jk=ebbf9b5ee9c572a5&bb=ToDgoP69TD-7R12I-qlmrBZrZc8mpuGsFvmEvDOolOZm5p6q1mWFVRSHTFngzUvOO-3rz6Gd2oAUJCn9tJ9feELp9xEsgIXSDpsL7PLTjzutxgnxcbrLhw%3D%3D&xkcb=SoDV67M31983g3gZD70HbzkdCdPP&fccid=bf422d4af99309b2&vjs=3,Not specified,ebbf9b5ee9c572a5
Trading Operations Analyst,Virtu Financial,Singapore,N/A,"Trading Operations Analysts not only become experts in the logistics and mechanics of trade clearance and settlement, but they also play a crucial role in the…",https://sg.indeed.com/rc/clk?jk=3fee5801eee6e68e&bb=ToDgoP69TD-7R12I-qlmrAEKm5ZGGaf62cXqavAwR5F5x4_A4yOiHfxo1XSfYTGXAXCgP556_Q7FJBkAsFtgaXu-eP_wbPV09NTjWqdyankCYNbdiUwxZWegTPfvohY7&xkcb=SoBh67M31983g3gZD70GbzkdCdPP&fccid=c78741b7c879d1c9&vjs=3,Not specified,3fee5801eee6e68e
Junior Risk Analyst,RWE Supply & Trading,Singapore,N/A,"RWE Supply & Trading Asia-Pacific Pte.To start as soon as possible, full time, permanent.You will also have daily contact with Risk colleagues in Europe.",https://sg.indeed.com/rc/clk?jk=4fe7ce797b1cbd09&bb=ToDgoP69TD-7R12I-qlmrLnP7RVlfQ8u3DANFdwdbd4o75OqtgcxDzH5jfcKIMavA7skdfiteT9ZxazL2DbIhTJEb6eRuwaGXfTLYpPTgSsYrNksP29plUKxkUu7qJ-5&xkcb=SoD867M31983g3gZD70FbzkdCdPP&fccid=169d4d0de76b0575&vjs=3,Not specified,4fe7ce797b1cbd09
